feature,importance
num__Pm10_Rolling_Mean_3,0.39040605459968647
num__Pm10,0.3839393797487662
num__state_pollution_encoded,0.04364493152068273
num__latitude,0.038239573191586426
num__So2,0.03540890652932733
num__Nh3,0.020532807852897867
num__Nitrogen_Pollutant_Index,0.01868937698974887
num__No2_Rolling_Mean_3,0.016465263847533582
num__No2,0.015045541723405654
num__Co_Rolling_Mean_3,0.012252771694794594
num__Co,0.011664322938933777
num__city_freq_encoded,0.007837932066171071
cat__city_Pune,0.002370379301200587
cat__state_Rajasthan,0.0006521887957127747
cat__state_Bihar,0.00035135923848244997
cat__state_Uttar_Pradesh,0.0002887283088526269
cat__state_Maharashtra,0.0002789617626097969
cat__state_Andhra_Pradesh,0.00027701393533709304
cat__state_Haryana,0.00026585633934179156
cat__state_Gujarat,0.0002489167702318486
cat__state_Tamilnadu,0.00020702839176264505
cat__city_Mumbai,0.0002027667103759281
cat__state_West_Bengal,0.00015596158163871528
cat__city_Ahmedabad,0.00010424061993963023
cat__state_Madhya Pradesh,0.00010406102047607967
cat__state_Odisha,7.061468109386794e-05
cat__state_Kerala,6.946513391176095e-05
cat__city_Nagpur,5.545054553806864e-05
cat__city_Delhi,4.4476917103250085e-05
cat__city_Patna,4.254764701561526e-05
cat__state_Delhi,2.568217129719389e-05
cat__city_Indore,2.0933333974949917e-05
cat__city_Bengaluru,1.662640332122298e-05
cat__city_Moradabad,1.162558675830424e-05
cat__state_Karnataka,5.362711808575848e-06
cat__city_Hyderabad,2.23286315315479e-06
cat__state_Chhattisgarh,6.565255272941128e-07
cat__city_Anantapur,0.0
cat__city_Amritsar,0.0
cat__city_Araria,0.0
cat__city_Arrah,0.0
cat__city_Asansol,0.0
cat__city_Aurangabad,0.0
cat__city_Baddi,0.0
cat__city_Bagalkot,0.0
cat__city_Baghpat,0.0
cat__city_Amaravati,0.0
cat__city_Agra,0.0
cat__city_Ahmednagar,0.0
cat__city_Akola,0.0
cat__city_Ajmer,0.0
cat__city_Amravati,0.0
cat__state_Assam,0.0
cat__state_Jharkhand,0.0
cat__state_Jammu_And_Kashmir,0.0
cat__state_Sikkim,0.0
cat__state_Punjab,0.0
cat__state_Meghalaya,0.0
cat__state_Telangana,0.0
cat__state_Uttarakhand,0.0
cat__state_Arunachal_Pradesh,0.0
cat__state_Himachal Pradesh,0.0
cat__state_Chandigarh,0.0
cat__city_Bhilai,0.0
cat__city_Bhavnagar,0.0
cat__city_Bharatpur,0.0
cat__city_Bhilwara,0.0
cat__city_Bihar Sharif,0.0
cat__city_Bikaner,0.0
cat__city_Bhopal,0.0
cat__city_Bhiwadi,0.0
cat__city_Bulandshahr,0.0
cat__city_Bundi,0.0
cat__city_Byasanagar,0.0
cat__city_Byrnihat,0.0
cat__city_Chamarajanagar,0.0
cat__city_Chandigarh,0.0
cat__city_Bilaspur,0.0
cat__city_Bhubaneswar,0.0
cat__city_Charkhi Dadri,0.0
cat__city_Chennai,0.0
cat__city_Chhapra,0.0
cat__city_Chhal,0.0
cat__city_Chikkamagaluru,0.0
cat__city_Chittoor,0.0
cat__city_Chittorgarh,0.0
cat__city_Chikkaballapur,0.0
cat__city_Churu,0.0
cat__city_Coimbatore,0.0
cat__city_Damoh,0.0
cat__city_Cuttack,0.0
cat__city_Dausa,0.0
cat__city_Dehradun,0.0
cat__city_Chandrapur,0.0
cat__city_Bileipada,0.0
cat__city_Dhanbad,0.0
cat__city_Dewas,0.0
cat__city_Dharuhera,0.0
cat__city_Dholpur,0.0
cat__city_Eloor,0.0
cat__city_Faridabad,0.0
cat__city_Dhule,0.0
cat__city_Dungarpur,0.0
cat__city_Gandhinagar,0.0
cat__city_Gangtok,0.0
cat__city_Gaya,0.0
cat__city_Ghaziabad,0.0
cat__city_Gorakhpur,0.0
cat__city_Greater Noida,0.0
cat__city_Fatehabad,0.0
cat__city_Angul,0.0
cat__city_Bahadurgarh,0.0
cat__city_Balasore,0.0
cat__city_Banswara,0.0
cat__city_Ballabgarh,0.0
cat__city_Barbil,0.0
cat__city_Bareilly,0.0
cat__city_Barrackpore,0.0
cat__city_Baran,0.0
cat__city_Bathinda,0.0
cat__city_Begusarai,0.0
cat__city_Belapur,0.0
cat__city_Bettiah,0.0
cat__city_Bhagalpur,0.0
cat__state_Tripura,0.0
cat__city_Agartala,0.0
cat__state_Nagaland,0.0
cat__city_Jalore,0.0
cat__city_Jalgaon,0.0
cat__city_Jalandhar,0.0
cat__city_Jaisalmer,0.0
cat__city_Jaipur,0.0
cat__city_Jabalpur,0.0
cat__city_Howrah,0.0
cat__city_Hubballi,0.0
cat__city_Haldia,0.0
cat__city_Hajipur,0.0
cat__city_Hisar,0.0
cat__city_Hanumangarh,0.0
cat__city_Gwalior,0.0
cat__city_Guwahati,0.0
cat__city_Gummidipoondi,0.0
cat__city_Gurugram,0.0
cat__city_Firozabad,0.0
cat__city_Kishanganj,0.0
cat__city_Kolhapur,0.0
cat__city_Kohima,0.0
cat__city_Jhalawar,0.0
cat__city_Jhunjhunu,0.0
cat__city_Jind,0.0
cat__city_Jodhpur,0.0
cat__city_Kanpur,0.0
cat__city_Karauli,0.0
cat__city_Karnal,0.0
cat__city_Kashipur,0.0
cat__city_Kadapa,0.0
cat__city_Kalaburagi,0.0
cat__city_Kalyan,0.0
cat__city_Kannur,0.0
cat__city_Mandideep,0.0
cat__city_Mandi Gobindgarh,0.0
cat__city_Mahad,0.0
cat__city_Madikeri,0.0
cat__city_Meerut,0.0
cat__city_Mehsana,0.0
cat__city_Manguraha,0.0
cat__city_Mandikhera,0.0
cat__city_Mira-Bhayandar,0.0
cat__city_Milupara,0.0
cat__city_Muzaffarpur,0.0
cat__city_Motihari,0.0
cat__city_Mysuru,0.0
cat__city_Nagaur,0.0
cat__city_Naharlagun,0.0
cat__city_Manesar,0.0
cat__city_Narnaul,0.0
cat__city_Nashik,0.0
cat__city_Nayagarh,0.0
cat__city_Kolkata,0.0
cat__city_Kollam,0.0
cat__city_Korba,0.0
cat__city_Kota,0.0
cat__city_Kunjemura,0.0
cat__city_Kurukshetra,0.0
cat__city_Latur,0.0
cat__city_Lucknow,0.0
cat__city_Ludhiana,0.0
cat__city_Katihar,0.0
cat__city_Keonjhar,0.0
cat__city_Khanna,0.0
cat__city_Khurja,0.0
cat__city_Pratapgarh,0.0
cat__city_Pithampur,0.0
cat__city_Pimpri-Chinchwad,0.0
cat__city_Perundurai,0.0
cat__city_Patiala,0.0
cat__city_Parbhani,0.0
cat__city_Panipat,0.0
cat__city_Panchkula,0.0
cat__city_Noida,0.0
cat__city_Panchgaon,0.0
cat__city_Palwal,0.0
cat__city_Pali,0.0
cat__city_Navi Mumbai,0.0
cat__city_Prayagraj,0.0
cat__city_Purnia,0.0
cat__city_Raipur,0.0
cat__city_Sasaram,0.0
cat__city_Satna,0.0
cat__city_Sawai Madhopur,0.0
cat__city_Shillong,0.0
cat__city_Rairangpur,0.0
cat__city_Rajamahendravaram,0.0
cat__city_Rajkot,0.0
cat__city_Rajsamand,0.0
cat__city_Ratlam,0.0
cat__city_Rishikesh,0.0
cat__city_Rohtak,0.0
cat__city_Rourkela,0.0
cat__city_Sagar,0.0
cat__city_Saharsa,0.0
cat__city_Samastipur,0.0
cat__city_Sangli,0.0
cat__city_Thane,0.0
cat__city_Surat,0.0
cat__city_Suakati,0.0
cat__city_Srinagar,0.0
cat__city_Sri Ganganagar,0.0
cat__city_Solapur,0.0
cat__city_Siwan,0.0
cat__city_Sivasagar,0.0
cat__city_Singrauli,0.0
cat__city_Siliguri,0.0
cat__city_Silchar,0.0
cat__city_Sikar,0.0
cat__city_Thiruvananthapuram,0.0
cat__city_Thoothukudi,0.0
cat__city_Thrissur,0.0
cat__city_Tirumala,0.0
cat__city_Vijayawada,0.0
cat__city_Vijayapura,0.0
cat__city_Vatva,0.0
cat__city_Varanasi,0.0
cat__city_Vapi,0.0
cat__city_Vadodara,0.0
cat__city_Ujjain,0.0
cat__city_Udaipur,0.0
cat__city_Tumidih,0.0
cat__city_Tumakuru,0.0
cat__city_Tonk,0.0
cat__city_Tirupati,0.0
cat__city_Virar,0.0
cat__city_Visakhapatnam,0.0
cat__city_Vrindavan,0.0
cat__city_Yadgir,0.0
