state,city,station,latitude,longitude,Co,Nh3,No2,Ozone,Pm10,Pm2.5,So2,state_encoded,city_encoded
Andaman And Nicobar,Sri Vijaya Puram,"Police Line, Sri Vijaya Puram - Anpcc",11.654054,92.734055,0.2865791293802491,0.5504114078641149,0.540543770795601,0.3167889119831485,0.5016372857841502,98.8,0.48542608689567335,0,220
Andhra_Pradesh,Amaravati,"Secretariat, Amaravati - Appcb",16.5150833,80.5181667,0.6127287678300373,0.5198713111016555,0.6463200088787074,0.6964514722202216,0.5934848417346954,87.8,0.62940182849272,1,8
Andhra_Pradesh,Anantapur,"Gulzarpet, Anantapur - Appcb",14.675886,77.593027,0.16459829951572202,0.4335954267425991,0.3893694047245059,0.44451943057250787,0.2358411288182607,80.6,0.37172742154917826,1,11
Andhra_Pradesh,Chittoor,"Gangineni Cheruvu, Chittoor - Appcb",13.20488,79.097889,0.3825882067125532,0.5353876933209418,0.5172091013268413,0.7826572039509582,0.18400545702102722,73.6,0.6582758501475355,1,67
Andhra_Pradesh,Kadapa,"Yerramukkapalli, Kadapa - Appcb",14.465052,78.824187,0.36012008482680535,0.4335954267425991,0.46341414752884347,0.37295697215474644,0.26713015923658734,91.75,0.6039112062175432,1,118
Andhra_Pradesh,Rajamahendravaram,"Anand Kala Kshetram, Rajamahendravaram - Appcb",16.9872867,81.7363176,0.5240298633496232,0.5790994190522669,0.5518605421034638,0.48977972674190473,0.5269497815938786,103.2,0.48542608689567335,1,192
Andhra_Pradesh,Tirumala,"Toll Gate, Tirumala - Appcb",13.67,79.35,0.30379779209713953,0.0,0.4536692177744647,0.9650582504153601,0.2945727686506423,82.6,0.3172675232159744,1,230
Andhra_Pradesh,Tirupati,"Vaikuntapuram, Tirupati - Appcb",13.615387,79.40923,0.26880041298570245,0.4521549529554886,0.4601931733727519,0.4174392564903687,0.28076257197900834,92.2,0.5303611831571654,1,231
Andhra_Pradesh,Vijayawada,"Hb Colony, Vijayawada - Appcb",16.536107,80.594233,0.551644185905084,0.3037299189003889,0.39323782085915127,0.0,0.23398549279287062,86.2,0.6039112062175432,1,243
Andhra_Pradesh,Vijayawada,"Kanuru, Vijayawada - Appcb",16.486692,80.699436,0.5249731722030857,0.4335954267425991,0.42992310608000006,0.5463793502792745,0.03681373399275811,63.0,0.6039112062175432,1,243
Andhra_Pradesh,Vijayawada,"Rajiv Gandhi Park, Vijayawada - Appcb",16.509717,80.612222,0.551644185905084,0.3037299189003889,0.640290055286643,0.5373036432466277,0.24687699202679347,84.2,0.5600226401684377,1,243
Andhra_Pradesh,Vijayawada,"Rajiv Nagar, Vijayawada - Appcb",16.554731,80.64911,0.4350226866630842,0.4335954267425991,0.49717239076939357,0.5160818889902693,0.20749892745114717,81.6,0.6039112062175432,1,243
Andhra_Pradesh,Visakhapatnam,"Gvm Corporation, Visakhapatnam - Appcb",17.72,83.3,0.47672275266707986,0.32800227820223793,0.9019871494368897,0.617941808697036,0.7566496484007761,110.6,0.26652379084550215,1,245
Arunachal_Pradesh,Naharlagun,"Naharlagun, Naharlagun - Apspcb",27.103358,93.679645,0.5096813402565941,0.0,0.04055370135549419,0.0738117874481784,0.7921028437710351,190.2,0.37172742154917826,2,166
Assam,Byrnihat,"Central Academy For Sfs, Byrnihat - Pcba",26.071318,91.87488,0.720066382545191,0.4335954267425991,0.08588888240438941,0.42208436208376543,0.3377330619931618,146.2,0.8751733451593829,3,57
Assam,Guwahati,"Lgbi Airport, Guwahati - Pcba",26.10887,91.589544,0.5154660222259084,0.5198713111016555,0.3306836079235219,0.37295697215474644,0.3900785828145268,77.66666666666667,0.47864234874914147,3,96
Assam,Guwahati,"Pan Bazaar, Guwahati - Pcba",26.1875,91.744194,0.7235183844671973,0.0,0.540543770795601,0.3514443643529356,0.5016372857841502,144.0,0.9384964637590328,3,96
Assam,Guwahati,"Railway Colony, Guwahati - Pcba",26.181742,91.78063,0.48286492228590205,0.5504114078641149,0.0,0.5303564381412035,0.7912371739802375,261.25,0.7587882812790486,3,96
Assam,Nagaon,"Christianpatty, Nagaon - Pcba",26.349082,92.68449,0.10700325337074412,0.4335954267425991,0.0,0.21380914318115274,0.5029239687303253,135.6,0.3885671283181241,3,163
Assam,Nalbari,"Bata Chowk, Nalbari - Pcba",26.446912,91.439057,0.2216464248097434,0.5928165319549223,0.30734893845476197,0.42208436208376543,0.47139997767616926,132.8,0.27711888092985715,3,167
Assam,Silchar,"Tarapur, Silchar - Pcba",24.82827,92.79525,0.3562839473650916,0.0,0.5518605421034638,0.0,0.02206187099323964,58.4,0.15863376160798714,3,211
Assam,Sivasagar,"Girls College, Sivasagar - Pcba",26.987634,94.636574,0.838374093756826,0.8318311289201817,0.7428303240185531,0.37295697215474644,0.007005824534620064,59.6,0.4921135985560886,3,215
Bihar,Araria,"Kharahiya Basti, Araria - Bspcb",26.146529,87.454184,0.35820538113571443,0.4335954267425991,0.0,0.25121904083107516,0.24229896835981934,95.0,0.9561941537804063,4,14
Bihar,Arrah,"New Dm Office, Arrah - Bspcb",25.5626095,84.663264,0.689024550867851,0.12415267475325059,0.04055370135549419,0.1724544199480792,0.0,41.9,0.37172742154917826,4,15
Bihar,Aurangabad,"Gurdeo Nagar, Aurangabad - Bspcb",24.75746,84.366208,0.9999999999999998,0.1918690328994176,0.08588888240438941,0.5918616525867321,0.2772688218543258,41.9,0.3967666683307166,4,17
Bihar,Begusarai,"Lohiyanagar, Begusarai - Bspcb",25.42742023,86.13886079,0.7559642236218009,0.8478735893038934,0.11866647755907578,0.4031647073394341,0.3441523770334549,121.0,0.7587882812790486,4,33
Bihar,Bettiah,"Kamalnath Nagar, Bettiah - Bspcb",26.80365,84.51954,0.9477803518023615,0.0,0.08588888240438941,0.5574366122233428,0.23953831333983233,85.4,0.6039112062175432,4,36
Bihar,Bhagalpur,"Dm Office_Kachari Chowk, Bhagalpur - Bspcb",25.251013,86.989001,0.007337658425528026,0.0,0.08588888240438941,0.42208436208376543,0.16383311385442623,60.8,0.9965959298535944,4,37
Bihar,Bhagalpur,"Mayaganj, Bhagalpur - Bspcb",25.265194,87.012947,0.8783155362825703,0.8066991739956514,0.04055370135549419,0.4698512416675106,0.39951978632456653,41.9,1.0,4,37
Bihar,Bihar Sharif,"D M Colony, Bihar Sharif - Bspcb",25.204762,85.51496,0.8587095300645304,0.5198713111016555,0.1264425837598837,0.0,0.0,65.0,0.37172742154917826,4,47
Bihar,Buxar,"Charitra Van, Buxar - Bspcb",25.56752,83.966379,0.30801902809181536,0.32800227820223793,0.1264425837598837,0.20587944233963307,0.21134205412798535,79.0,0.8088387441832338,4,55
Bihar,Chhapra,"Darshan Nagar, Chhapra - Bspcb",25.7808257,84.7446768,0.7014488889743367,0.7117403440010731,0.0,0.0,0.475415711260454,94.2,0.7950724620343098,4,64
Bihar,Gaya,"Kareemganj, Gaya - Bspcb",24.792403,84.992416,0.7522455198595777,0.0,0.2274276820306912,0.512430636226808,0.6449976313030263,64.0,1.0,4,90
Bihar,Gaya,"Sfti Kusdihra, Gaya - Bspcb",24.762518,84.982348,0.38987694596091016,0.4335954267425991,0.47912670326354057,0.2918594657020871,0.12820690761189368,76.4,0.2976204442986973,4,90
Bihar,Hajipur,"Industrial Area, Hajipur - Bspcb",25.697189,85.2459,0.557003516527611,0.978054463542423,0.9999999999999999,0.7618447373663334,0.5762489734470453,163.0,0.053430130904311146,4,98
Bihar,Katihar,"Mirchaibari, Katihar - Bspcb",25.560083,87.553265,0.9952361585661966,0.0,0.1264425837598837,0.12622377262532025,0.46058211488215717,77.6,0.7194770489237373,4,126
Bihar,Kishanganj,"Sdm Office_Khagra, Kishanganj - Bspcb",26.0881305,87.93840336,0.17003762145779766,0.32800227820223793,0.1966189104295757,0.6824318804290975,0.37695797965684585,148.0,0.27711888092985715,4,131
Bihar,Manguraha,"Forest Rest House, Manguraha - Bspcb",27.308328,84.531742,0.4546648241045703,0.0,0.0,0.25121904083107516,0.5054905526839173,97.0,0.5769632051401629,4,151
Bihar,Motihari,"Gandak Colony, Motihari - Bspcb",26.63086,84.90051,0.5268549205154218,0.32800227820223793,0.08588888240438941,0.0,0.36463376502429545,98.0,0.0,4,157
Bihar,Munger,"Town Hall, Munger - Bspcb",25.376776,86.471523,0.661095429947842,0.1918690328994176,0.0,0.25121904083107516,0.12820690761189368,90.4,0.8602050509239544,4,159
Bihar,Muzaffarpur,"Buddha Colony, Muzaffarpur - Bspcb",26.11442,85.39813,0.6973387391982226,0.8066991739956514,0.640290055286643,0.7989011844371018,0.45785242055173825,130.0,0.08595762511309046,4,161
Bihar,Muzaffarpur,"Mit-Daudpur Kothi, Muzaffarpur - Bspcb",26.1403345,85.3650192,0.6269899421489373,0.4872233834145613,0.0,0.6207354634913765,0.10640850130959212,89.2,0.48542608689567335,4,161
Bihar,Muzaffarpur,"Muzaffarpur Collectorate, Muzaffarpur - Bspcb",26.1209,85.3647,0.47362559228612233,0.5504114078641149,0.27734121639458775,0.33449899152793316,0.5016372857841502,93.0,0.20965231862459366,4,161
Bihar,Patna,"Drm Office Danapur, Patna - Bspcb",25.586562,85.043586,0.7409351713198034,0.5198713111016555,0.7595349013474747,0.7808101095228214,0.6565465653820608,122.6,0.15863376160798714,4,181
Bihar,Patna,"Govt. High School Shikarpur, Patna - Bspcb",25.592539,85.227158,0.8986717787830638,0.5504114078641149,0.45694501767888573,0.25121904083107516,0.6103232293008634,243.8,0.14496724914880044,4,181
Bihar,Patna,"Igsc Planetarium Complex, Patna - Bspcb",25.610369,85.132568,0.0,0.5504114078641149,0.0,0.6450219827791751,0.5016372857841502,144.5,0.12369469351150308,4,181
Bihar,Patna,"Muradpur, Patna - Bspcb",25.619651,85.147382,0.7155958205051747,0.4335954267425991,0.2825077928339651,0.14537424586593983,0.5029239687303253,78.8,0.3267923252876864,4,181
Bihar,Patna,"Rajbansi Nagar, Patna - Bspcb",25.599486,85.113666,0.9071690588651637,0.5504114078641149,0.5952080174007665,0.6776451523042609,0.5181898707394672,94.0,0.08595762511309046,4,181
Bihar,Patna,"Samanpura, Patna - Bspcb",25.596727,85.085624,0.9999999999999998,0.7323178146799431,0.3351854623481799,0.43569868089967156,0.7250989451085745,93.8,0.1308927213745823,4,181
Bihar,Purnia,"Mariam Nagar, Purnia - Bspcb",25.366336,87.117468,0.8004316014510693,0.32800227820223793,0.0,0.4127385195678973,0.20942301916529837,97.8,0.587927924147483,4,189
Bihar,Saharsa,"Police Line, Saharsa - Bspcb",25.892357,86.590325,0.6199058601375269,0.4335954267425991,0.04055370135549419,0.25121904083107516,0.6460551150258893,126.4,0.6720757133831997,4,202
Bihar,Samastipur,"Dm Office_Kasipur, Samastipur - Bspcb",25.859655,85.77944,0.0,0.0,0.08588888240438941,0.1546101270863337,0.418524865101241,135.4,0.773638695362071,4,203
Bihar,Sasaram,"Dada Peer, Sasaram - Bspcb",24.952822,84.002396,0.9707735828477129,0.4335954267425991,0.0,0.563924476326516,0.0,41.9,0.0,4,205
Bihar,Siwan,"Chitragupta Nagar, Siwan - Bspcb",26.2271665,84.3570427,0.8738530841958212,0.0,0.0,0.34022912018027973,0.38568926373136936,66.25,0.27711888092985715,4,216
Chandigarh,Chandigarh,"Sector 22, Chandigarh - Cpcc",30.735567,76.775714,0.652206659386078,0.9534667378442546,0.16312786898073228,0.8024214487656324,0.0724399402352911,69.4,0.4127499504007769,5,59
Chandigarh,Chandigarh,"Sector-25, Chandigarh - Cpcc",30.751462,76.762879,0.27776204557288997,0.7615977049448371,0.23330419565042426,0.3832866957225297,0.42570478905705933,115.8,0.18483281627355086,5,59
Chandigarh,Chandigarh,"Sector-53, Chandigarh - Cpcc",30.719859,76.738637,0.7559642236218009,0.8478735893038934,0.7019315718416578,0.5796899225047959,0.1409802779349394,50.2,0.4127499504007769,5,59
Chhattisgarh,Bhilai,"32Bungalows, Bhilai - Cecb",21.194815,81.31477,0.45787097608093075,0.32800227820223793,0.6194793566029247,0.050716488624407696,0.130351380175326,41.9,0.27711888092985715,6,40
Chhattisgarh,Bhilai,"Civic Center, Bhilai - Bhilai Steel Plant",21.185571,81.343175,0.4610584331873335,1.0,0.8385262124883172,0.28537160159891406,0.09301010001920318,52.6,0.27711888092985715,6,40
Chhattisgarh,Bhilai,"Hathkhoj, Bhilai - Cecb",21.224231,81.40835,0.48286492228590205,0.5198713111016555,0.7595349013474747,0.1724544199480792,0.04648529767691967,53.8,1.0,6,40
Chhattisgarh,Bilaspur,"Mangala, Bilaspur - Ntpc",22.08815,82.13737,0.7409351713198034,0.5504114078641149,0.7188160405105809,0.5303564381412035,0.303073358053239,66.8,0.554237761859714,6,49
Chhattisgarh,Chhal,"Nawapara Secl Colony, Chhal - Cecb",22.118125,83.140608,0.30379779209713953,0.5198713111016555,0.20923984982001764,0.6235093749773645,0.16994354602299877,55.0,0.27711888092985715,6,63
Chhattisgarh,Korba,"Rampur, Korba - Cecb",22.368195,82.746431,0.27329959348614064,0.0,0.17461839884944041,0.11628635977648116,0.206213377148996,68.0,0.7950724620343098,6,136
Chhattisgarh,Korba,"Urja Nagar, Korba - Cecb",22.348441,82.549611,0.4215245355511321,0.0,0.41201735828319486,0.5796899225047959,0.48205990981464764,101.6,0.08595762511309046,6,136
Chhattisgarh,Kunjemura,"Op Jindal School, Kunjemura - Cecb",22.12665,83.483212,0.577930372174835,0.1918690328994176,0.6619527834616018,0.3569340600166754,0.7212958511832324,67.6,0.5657373970124536,6,138
Chhattisgarh,Milupara,"Govt. Higher Secondary School, Milupara - Cecb",22.1910172,83.5197009,0.07575775820463315,0.1918690328994176,0.49422291912995886,1.0,0.0,41.9,0.5483810198716966,6,154
Chhattisgarh,Raipur,"Aiims, Raipur - Cecb",21.258815,81.578979,0.7883409619334636,0.5504114078641149,0.540543770795601,0.0,0.5016372857841502,98.8,0.48542608689567335,6,190
Chhattisgarh,Raipur,"Bhatagaon New Isbt, Raipur - Cecb",21.219665,81.630094,0.9999999999999998,0.1918690328994176,0.5812943037409105,0.0,0.35051574961927834,59.0,0.5657373970124536,6,190
Chhattisgarh,Raipur,"Siltara Phase-Ii, Raipur - Cecb",21.371751,81.664929,0.4859103192706813,0.1918690328994176,0.6714103640682593,0.0,0.5016372857841502,55.8,0.0,6,190
Chhattisgarh,Tumidih,"Op Jindal Industrial Park, Tumidih - Cecb",22.06631475,83.33820077,0.07575775820463315,0.1918690328994176,0.8096291371825429,1.0,0.5490042481488402,114.0,0.27711888092985715,6,234
Delhi,Delhi,"Alipur, Delhi - Dpcc",28.815329,77.15301,0.324585366930662,0.9840068346067138,0.7535440540968709,0.4531463018311147,0.965349334828443,227.4,0.3452833880955134,7,75
Delhi,Delhi,"Anand Vihar, Delhi - Dpcc",28.647622,77.315809,0.9196723386363972,1.0,0.9820153088377611,0.24401687836584052,0.9538861106584395,229.66666666666666,0.3994684617825831,7,75
Delhi,Delhi,"Ashok Vihar, Delhi - Dpcc",28.695381,77.181665,0.9999999999999998,0.7117403440010731,0.9160951640788636,0.6800458132535502,1.0,261.25,0.8509905230767302,7,75
Delhi,Delhi,"Aya Nagar, Delhi - Imd",28.4706914,77.1099364,0.5596636061803586,0.5504114078641149,0.7769675032143918,0.6553517063469584,0.9311207568786033,202.2,0.48542608689567335,7,75
Delhi,Delhi,"Bawana, Delhi - Dpcc",28.7762,77.051074,0.6784507715865427,0.7615977049448371,0.5254869293003998,0.563924476326516,0.8937044237698428,261.25,0.571383712008764,7,75
Delhi,Delhi,"Burari Crossing, Delhi - Imd",28.7256504,77.2011573,0.6030103368449613,0.5504114078641149,0.9999999999999999,0.497476185915695,0.9466874631125752,222.0,0.48542608689567335,7,75
Delhi,Delhi,"Chandni Chowk, Delhi - Iitm",28.656756,77.227234,0.7705911121674782,0.8318311289201817,0.755050530248908,0.5196994891758707,0.5016372857841502,261.25,0.7985518997241731,7,75
Delhi,Delhi,"Crri Mathura Road, Delhi - Imd",28.5512005,77.2735737,0.6293310478467748,0.5504114078641149,0.6581037097308143,0.1977862310430818,0.9980449991453715,209.0,0.48542608689567335,7,75
Delhi,Delhi,"Dr. Karni Singh Shooting Range, Delhi - Dpcc",28.498571,77.26484,0.7614952726124902,0.7615977049448371,0.7936446604436035,0.6824318804290975,0.9480862995231649,250.6,0.4127499504007769,7,75
Delhi,Delhi,"Dtu, Delhi - Cpcb",28.7500499,77.1112615,0.17542335314984925,0.8236012300020444,0.6657637469257182,0.26523863262219904,0.7530077835794478,206.2,0.8602050509239544,7,75
Delhi,Delhi,"Dwarka-Sector 8, Delhi - Dpcc",28.5710274,77.0719006,0.911368675000044,1.0,0.9764166040828458,0.43569868089967156,1.0,261.25,0.8781108105317245,7,75
Delhi,Delhi,"Igi Airport (T3), Delhi - Imd",28.5627763,77.1180053,0.5324616091001066,0.5504114078641149,0.982293117702579,0.3933515251742171,0.9382376980437339,186.8,0.48542608689567335,7,75
Delhi,Delhi,"Ihbas, Dilshad Garden, Delhi - Cpcb",28.6811736,77.3025234,0.9999999999999998,0.7801572311577266,0.8551092642566854,0.6317153918046899,0.8906870955795934,194.4,0.5241981977890439,7,75
Delhi,Delhi,"Iit Delhi, Delhi - Iitm",28.54246,77.191651,0.7503766382275197,0.5504114078641149,0.7977034414500751,0.3676883448390792,0.8653066062523598,184.0,0.48542608689567335,7,75
Delhi,Delhi,"Ito, Delhi - Cpcb",28.628624,77.24106,0.5753579093336956,0.1918690328994176,0.8109316905931235,0.6450219827791751,1.0,261.25,0.5241981977890439,7,75
Delhi,Delhi,"Jahangirpuri, Delhi - Dpcc",28.73282,77.170633,0.6103153098481988,1.0,0.9999999999999999,0.4401338336441857,1.0,261.25,1.0,7,75
Delhi,Delhi,"Jawaharlal Nehru Stadium, Delhi - Dpcc",28.58028,77.233829,0.9999999999999998,1.0,0.9555589056841302,0.5918616525867321,1.0,255.4,1.0,7,75
Delhi,Delhi,"Lodhi Road, Delhi - Imd",28.5918245,77.2273074,0.8827418547575852,0.5504114078641149,0.7505132969772655,0.7273387260193404,0.9159455050678265,171.4,0.48542608689567335,7,75
Delhi,Delhi,"Major Dhyan Chand National Stadium, Delhi - Dpcc",28.611281,77.237738,0.9085725188014957,1.0,0.9999999999999999,0.6423965091664238,1.0,212.6,0.37172742154917826,7,75
Delhi,Delhi,"Mandir Marg, Delhi - Dpcc",28.636429,77.201067,0.4705107841724412,0.7615977049448371,0.9999999999999999,0.8594063809107949,0.9188604485916736,191.4,0.4127499504007769,7,75
Delhi,Delhi,"Mundka, Delhi - Dpcc",28.684678,77.076574,0.7055283657051501,0.9956915581568614,0.9465231817014618,0.46158763451778306,1.0,261.25,0.828762624322079,7,75
Delhi,Delhi,"Najafgarh, Delhi - Dpcc",28.570173,76.933762,0.26880041298570245,1.0,0.951970029655491,0.7899598674643996,0.7145923986198599,238.6,0.8122184121833599,7,75
Delhi,Delhi,"Narela, Delhi - Dpcc",28.822836,77.101981,0.6408885046652324,0.7117403440010731,0.640290055286643,0.7230723053001097,0.9782015936976989,259.0,0.681056207139198,7,75
Delhi,Delhi,"Nehru Nagar, Delhi - Dpcc",28.56789,77.250515,0.7900846551023106,0.8066991739956514,0.9797855898406443,0.5703068420171126,1.0,261.25,0.7194770489237373,7,75
Delhi,Delhi,"North Campus, Du, Delhi - Imd",28.6573814,77.1585447,0.49792503027299984,0.5504114078641149,0.9772616190556028,0.7230723053001097,1.0,234.8,0.48542608689567335,7,75
Delhi,Delhi,"Nsit Dwarka, Delhi - Cpcb",28.60909,77.0325413,0.7115910601399802,0.6560045564044759,0.1966189104295757,0.33449899152793316,0.7548309864817555,240.4,0.5483810198716966,7,75
Delhi,Delhi,"Okhla Phase-2, Delhi - Dpcc",28.530785,77.271255,0.9940386830710619,1.0,0.9999999999999999,0.6895042671147974,1.0,250.0,0.554237761859714,7,75
Delhi,Delhi,"Patparganj, Delhi - Dpcc",28.623763,77.287209,0.557003516527611,0.8857503796980876,0.9999999999999999,0.5303564381412035,1.0,256.4,0.6985197468368646,7,75
Delhi,Delhi,"Punjabi Bagh, Delhi - Dpcc",28.674045,77.131023,0.7578141317998746,0.5928165319549223,0.7895426234076491,0.617941808697036,1.0,255.4,0.7395422756884632,7,75
Delhi,Delhi,"Pusa, Delhi - Dpcc",28.639652,77.146275,0.9043512828068201,1.0,0.9999999999999999,0.505024627046201,1.0,261.25,0.5986434232906187,7,75
Delhi,Delhi,"Pusa, Delhi - Imd",28.63611,77.173332,0.9999999999999998,0.5504114078641149,0.9999999999999999,0.8563636769789643,0.8308534000741523,178.2,0.48542608689567335,7,75
Delhi,Delhi,"R K Puram, Delhi - Dpcc",28.563262,77.186937,0.938570672080296,0.8066991739956514,0.8798054638522347,0.512430636226808,0.9788718024487562,261.25,0.7808920948462242,7,75
Delhi,Delhi,"Rohini, Delhi - Dpcc",28.732528,77.11992,0.49195068288400745,1.0,0.7412751535574506,0.7714419597783021,1.0,261.25,0.5483810198716966,7,75
Delhi,Delhi,"Shadipur, Delhi - Cpcb",28.6514781,77.1473105,0.6588867508020015,0.9208188101571603,0.9456078324817302,0.4127385195678973,0.8929512598216713,261.25,0.3967666683307166,7,75
Delhi,Delhi,"Sirifort, Delhi - Cpcb",28.5504249,77.2159377,0.5906141742581548,0.6560045564044759,0.55943267152923,0.16363367027524278,1.0,261.25,1.0,7,75
Delhi,Delhi,"Sonia Vihar, Delhi - Dpcc",28.710508,77.249485,0.9438523300271624,0.7117403440010731,0.788165505067448,0.7459837171017175,1.0,261.25,1.0,7,75
Delhi,Delhi,"Sri Aurobindo Marg, Delhi - Dpcc",28.531346,77.190156,0.48286492228590205,0.5198713111016555,0.7520316585734353,0.6036672595461016,0.8542667702995574,173.8,0.4127499504007769,7,75
Delhi,Delhi,"Vivek Vihar, Delhi - Dpcc",28.672342,77.31526,0.6632952210247927,0.7422804407635325,0.8516154051792054,0.44885656687460307,1.0,261.25,0.6142734182200612,7,75
Delhi,Delhi,"Wazirpur, Delhi - Dpcc",28.699793,77.165453,0.915536273419743,0.8633899715231798,0.9999999999999999,0.3933515251742171,1.0,261.25,0.24459138672107772,7,75
Gujarat,Ahmedabad,"Chandkheda, Ahmedabad - Iitm",23.107969,72.574648,0.5931159971373254,0.4335954267425991,0.7334036284001163,0.28537160159891406,0.6407523147922216,93.4,0.7235589936184029,8,2
Gujarat,Ahmedabad,"Gyaspur, Ahmedabad - Iitm",22.977134,72.553024,0.950383439316193,1.0,0.9970046217273788,0.4819293282224303,0.685145167056441,117.8,1.0,8,2
Gujarat,Ahmedabad,"Maninagar, Ahmedabad - Gpcb",23.002657,72.591912,0.44493197332115964,0.5504114078641149,0.9999999999999999,0.8262170275996489,0.5368340933768403,111.6,1.0,8,2
Gujarat,Ahmedabad,"Raikhad, Ahmedabad - Iitm",23.020509,72.579261,0.4416487962150495,1.0,0.9704489781025271,0.2982418313926839,0.6555041777917401,78.2,0.7915671546817832,8,2
Gujarat,Ahmedabad,"Rakhial, Ahmedabad - Iitm",23.016834,72.625775,0.557003516527611,0.7520376371672458,0.8743302055886176,0.5303564381412035,0.6169513448537676,134.2,0.48542608689567335,8,2
Gujarat,Ahmedabad,"Sac Isro Bopal, Ahmedabad - Iitm",23.041137,72.456691,0.5407652727364598,0.8857503796980876,0.621611795107098,0.28537160159891406,0.6481654991047789,153.66666666666666,0.37172742154917826,8,2
Gujarat,Ahmedabad,"Sac Isro Satellite, Ahmedabad - Iitm",23.023389,72.515201,0.9964310166264683,0.8929750583547077,0.42992310608000006,0.30452207483953353,0.6002668630872061,116.6,0.5824774395453044,8,2
Gujarat,Ahmedabad,"Svpi Airport Hansol, Ahmedabad - Iitm",23.076793,72.627874,0.8900403255889222,0.8399203388941693,0.8765296639478138,0.30452207483953353,0.7269930898361245,72.0,0.19740587250135755,8,2
Gujarat,Ankleshwar,"Gidc, Ankleshwar - Gpcb",21.613267,73.010555,0.8072223390256406,0.7615977049448371,0.5087493285777386,0.5232840514555038,0.4886441959341794,98.6,0.8751733451593829,8,13
Gujarat,Bhavnagar,"Vidhyanagar, Bhavnagar - Nexteng Enviro",21.755417,72.139056,0.9999999999999998,0.5928165319549223,0.7826072255836573,0.34022912018027973,0.590070062091069,46.4,0.9120028836007782,8,39
Gujarat,Gandhinagar,"Gift City, Gandhinagar - Iitm",23.163798,72.677768,0.6431709603608755,0.8857503796980876,0.6824610034142359,0.30452207483953353,0.8333105837154546,96.8,0.3967666683307166,8,88
Gujarat,Gandhinagar,"Iiphg Lekawada, Gandhinagar - Iitm",23.243639,72.68994,0.9490834450175945,0.5928165319549223,0.31213041814816267,0.1724544199480792,0.5417265229560506,98.8,0.48542608689567335,8,88
Gujarat,Gandhinagar,"Sector-10, Gandhinagar - Gpcb",23.221714,72.654328,0.7830762598123691,0.4335954267425991,0.7002016625679369,0.43569868089967156,0.6114321017736684,134.25,0.3542638818515117,8,88
Gujarat,Mehsana,"Sadanand Nagar, Mehsana - Nexteng Enviro",23.59315,72.372792,0.9999999999999998,0.1918690328994176,0.5859883151540813,0.33449899152793316,0.46465761783248816,81.0,0.3075463196971008,8,153
Gujarat,Rajkot,"Mavdi, Rajkot - Nexteng Enviro",22.248853,70.776774,0.9999999999999998,0.4335954267425991,0.652256951757611,0.3832866957225297,0.4912613757360762,88.8,0.828762624322079,8,193
Gujarat,Surat,"Katargam, Surat - Nexteng Enviro",21.217779,72.834787,0.9999999999999998,0.4335954267425991,0.8109316905931235,0.1724544199480792,0.634337699164548,142.0,1.0,8,223
Gujarat,Surat,"Science Center, Surat - Smc",21.170046,72.795405,0.5211901304963482,0.5504114078641149,0.5493030299332328,0.5303564381412035,0.398037161687244,83.4,0.7194770489237373,8,223
Gujarat,Vadodara,"Bapunagar, Vadodara - Nexteng Enviro",22.320153,73.216285,0.9999999999999998,0.1918690328994176,0.4008599345932139,0.0,0.47940948083200663,177.6,0.27711888092985715,8,238
Gujarat,Vapi,"Phase-1 Gidc, Vapi - Gpcb",20.362421,72.918013,0.557003516527611,0.5198713111016555,0.2825077928339651,0.4657411848288663,0.0,55.0,0.7296164002900597,8,239
Gujarat,Vatva,"Phase-4 Gidc, Vatva - Gpcb",22.969611,72.6435,0.14370477500749446,0.8784136860663528,0.9999999999999999,0.6776451523042609,0.7602734393769031,226.4,1.0,8,241
Haryana,Bahadurgarh,"Arya Nagar, Bahadurgarh - Hspcb",28.6701,76.9254,0.6588867508020015,0.9208188101571603,0.25595214920911336,0.46158763451778306,0.5016372857841502,187.0,0.2215886945840102,9,22
Haryana,Ballabgarh,"Nathu Colony, Ballabgarh - Hspcb",28.3419248,77.319699,0.49792503027299984,0.32800227820223793,0.41201735828319486,0.3982887832497489,1.0,203.6,0.08595762511309046,9,24
Haryana,Bhiwani,"H.B. Colony, Bhiwani - Hspcb",28.806223,76.141105,0.0,0.7117403440010731,0.5741441755540296,0.3832866957225297,0.6770877900395398,193.4,0.0,9,44
Haryana,Charkhi Dadri,"Mini Secretariat, Charkhi Dadri - Hspcb",28.593883,76.270653,0.019352369427846572,0.5928165319549223,0.3133165644350805,0.4063819945463004,0.7586902432537834,261.25,0.37172742154917826,9,61
Haryana,Dharuhera,"Municipal Corporation Office, Dharuhera -  Hspcb",28.2068,76.7997,0.9999999999999998,1.0,0.7535440540968709,0.22158180987709797,0.7868933635316626,254.8,0.2215886945840102,9,78
Haryana,Faridabad,"New Industrial Town, Faridabad - Hspcb",28.39072,77.30059,0.0,0.8478735893038934,0.49422291912995886,0.6604163810253386,0.6289488010299964,194.2,0.27711888092985715,9,85
Haryana,Faridabad,"Sector 30, Faridabad - Hspcb",28.4417,77.3217,0.7918228039274007,0.8478735893038934,0.6443205022237216,0.47391870647728884,0.4551124834418663,98.8,0.15863376160798714,9,85
Haryana,Fatehabad,"Huda Sector, Fatehabad - Hspcb",29.503664,75.467934,0.37146957232758226,0.9534667378442546,0.39323782085915127,0.9627357179487156,0.0,41.9,0.37172742154917826,9,86
Haryana,Gurugram,"Nise Gwal Pahari, Gurugram - Imd",28.422681,77.148944,0.6339833937572739,0.5504114078641149,0.7489889220521547,0.5606939491054262,0.8997019308589813,217.2,0.48542608689567335,9,95
Haryana,Gurugram,"Sector-51, Gurugram - Hspcb",28.4227,77.0667,0.7409351713198034,0.8857503796980876,0.1264425837598837,0.03863840206948799,1.0,261.25,0.08595762511309046,9,95
Haryana,Gurugram,"Teri Gram, Gurugram - Hspcb",28.4275,77.1465,0.8723574680920463,0.9720262640571439,0.7683498858186252,0.46158763451778306,0.7288823337956449,248.4,0.5769632051401629,9,95
Haryana,Gurugram,"Vikas Sadan, Gurugram - Hspcb",28.4501238,77.0263051,0.9999999999999998,0.5504114078641149,0.5087493285777386,0.28537160159891406,0.9667129064348114,261.25,0.08595762511309046,9,95
Haryana,Hisar,"Urban Estate-Ii, Hisar - Hspcb",29.14056,75.744941,0.5067658808395605,0.8478735893038934,0.5087493285777386,0.874275842370989,0.318129404511859,56.4,0.37172742154917826,9,102
Haryana,Jind,"Police Lines, Jind - Hspcb",29.307814,76.337619,0.04940820722576622,0.1918690328994176,0.7171605361713665,0.47391870647728884,0.35051574961927834,134.0,0.0,9,116
Haryana,Karnal,"Sector-12, Karnal - Hspcb",29.6953,77.0027,0.42493044902978183,0.5928165319549223,0.0,0.6703537938741778,0.5029239687303253,147.4,0.15863376160798714,9,124
Haryana,Kurukshetra,"Sector-7, Kurukshetra - Hspcb",29.966942,76.875879,0.19126931321772034,0.5198713111016555,0.39323782085915127,0.5918616525867321,0.7165139586314626,164.4,0.4048260383803045,9,139
Haryana,Mandikhera,"General Hospital, Mandikhera(Nuh) - Hspcb",27.9002,76.9938,0.8812703939904145,0.9208188101571603,0.42992310608000006,0.6094395230105362,0.6523680567947583,158.6,0.9174220428870358,9,149
Haryana,Manesar,"Sector-2 Imt, Manesar - Hspcb",28.360699,76.93609,0.3286496781804875,0.9534667378442546,0.7580459085215291,0.0,0.625696268333602,214.0,0.73559696674815,9,150
Haryana,Narnaul,"Shastri Nagar, Narnaul - Hspcb",28.060249,76.113115,0.6408885046652324,0.8857503796980876,0.8492684212885225,0.0,0.44683043945963297,147.4,0.0,9,169
Haryana,Palwal,"Shyam Nagar, Palwal - Hspcb",28.1485564,77.3320667,0.20158372006559522,0.7615977049448371,0.47912670326354057,0.44885656687460307,0.16383311385442623,62.0,0.517953581104453,9,175
Haryana,Panchgaon,"Amity University, Panchgaon - Iitm",28.3153,76.9143,0.557003516527611,0.6938813467986703,0.4357112477178281,1.0,0.6502698013767398,138.0,0.669043795107188,9,176
Haryana,Panchkula,"Sector-6, Panchkula - Hspcb",30.7057778,76.8531805555555,0.21669935625071224,0.5504114078641149,0.49422291912995886,0.0,0.5016372857841502,58.2,0.5483810198716966,9,177
Haryana,Panipat,"Sector-18, Panipat - Hspcb",29.432304,76.972765,0.30801902809181536,0.1918690328994176,0.5741441755540296,0.6578922125729451,0.47407958575861686,92.2,0.6535846505753727,9,178
Haryana,Rohtak,"Md University, Rohtak - Hspcb",28.52123,76.37138,0.503834788857648,0.5504114078641149,0.2274276820306912,0.7637830466961445,0.5003483315518076,164.4,0.4504870187991895,9,198
Haryana,Sonipat,"Murthal, Sonipat - Hspcb",29.0272,77.0621,0.0,0.8478735893038934,0.2274276820306912,0.6036672595461016,0.2996849882467858,136.0,0.26652379084550215,9,218
Haryana,Yamuna Nagar,"Gobind Pura, Yamuna Nagar - Hspcb",30.1480566,77.2893471,0.6030103368449613,0.4335954267425991,0.640290055286643,0.3458767980726071,0.6568069299357253,219.5,0.4127499504007769,9,248
Himachal Pradesh,Baddi,"Himuda Complex Phase-1, Baddi - Hppcb",30.943887,76.801991,0.7447313486934186,0.5504114078641149,0.5643992457996508,0.827862761002823,0.685145167056441,141.0,1.0,10,18
Jammu_And_Kashmir,Srinagar,"Rajbagh, Srinagar - Jkpcc",34.066206,74.81982,0.12492772295771082,0.5504114078641149,0.540543770795601,0.0,0.0,41.9,0.0,11,221
Jharkhand,Dhanbad,"Sardar Patel Nagar, Dhanbad - Jspcb",23.80569,86.44268,0.5211901304963482,0.5504114078641149,0.7683498858186252,0.0,0.5762489734470453,100.2,0.48542608689567335,12,77
Karnataka,Bagalkot,"Vidayagiri, Bagalkot - Kspcb",16.172806,75.659694,0.17542335314984925,0.0,0.2274276820306912,0.3167889119831485,0.0,41.9,0.2215886945840102,13,20
Karnataka,Bengaluru,"Bapuji Nagar, Bengaluru - Kspcb",12.951913,77.539784,0.30801902809181536,0.5928165319549223,0.9999999999999999,1.0,0.590070062091069,50.5,0.7194770489237373,13,35
Karnataka,Bengaluru,"Btm Layout, Bengaluru - Cpcb",12.9135218,77.5950804,0.6805819530186048,0.9208188101571603,0.1452221211839272,0.5574366122233428,0.3800068040570337,94.6,0.6039112062175432,13,35
Karnataka,Bengaluru,"Bwssb Kadabesanahalli, Bengaluru - Cpcb",12.9352049,77.6814488,0.503834788857648,0.5504114078641149,0.46341414752884347,0.6871609357269374,0.6523680567947583,98.8,0.08595762511309046,13,35
Karnataka,Bengaluru,"City Railway Station, Bengaluru - Kspcb",12.9756843,77.5660749,0.9015189068073688,0.5504114078641149,0.6086362687127705,0.5303564381412035,0.42427444113051216,98.8,0.6535846505753727,13,35
Karnataka,Bengaluru,"Hebbal, Bengaluru - Kspcb",13.029152,77.585901,0.6720069168725169,0.0,0.6984639432935972,0.21380914318115274,0.40542036294261763,98.2,0.5116251415612371,13,35
Karnataka,Bengaluru,"Hombegowda Nagar, Bengaluru - Kspcb",12.938539,77.5901,0.0,0.4335954267425991,0.6042120341920149,0.7336526451422115,0.0,60.6,0.4921135985560886,13,35
Karnataka,Bengaluru,"Jayanagar 5Th Block, Bengaluru - Kspcb",12.920984,77.584908,0.20666884831596044,0.1918690328994176,0.5362541814764882,0.9568685408167551,0.3920763744383504,74.4,0.27711888092985715,13,35
Karnataka,Bengaluru,"Jigani, Bengaluru - Kspcb",12.7816279,77.6299145,0.5931159971373254,0.32800227820223793,0.44027989679176394,0.617941808697036,0.3950628505156546,58.0,0.681056207139198,13,35
Karnataka,Bengaluru,"Kasturi Nagar, Bengaluru - Kspcb",13.003872,77.664217,0.6316621701211214,0.5504114078641149,0.540543770795601,0.5888539226075772,0.5016372857841502,98.8,0.48542608689567335,13,35
Karnataka,Bengaluru,"Peenya, Bengaluru - Cpcb",13.0270199,77.494094,0.0,0.4335954267425991,0.5030043836366053,0.5232840514555038,0.39057854338388065,41.9,0.37172742154917826,13,35
Karnataka,Bengaluru,"Rvce-Mailasandra, Bengaluru - Kspcb",12.921418,77.502466,0.0,0.4335954267425991,0.5741441755540296,0.563924476326516,0.5597866121517701,153.2,0.15863376160798714,13,35
Karnataka,Bengaluru,"Sanegurava Halli, Bengaluru - Kspcb",12.990328,77.5431385,0.34066438918280584,0.5504114078641149,0.37349481818737507,0.5303564381412035,0.0,98.8,0.15863376160798714,13,35
Karnataka,Bengaluru,"Shivapura_Peenya, Bengaluru - Kspcb",13.0246342,77.5080115,0.551644185905084,0.32800227820223793,0.37349481818737507,0.6036672595461016,0.42997909813831514,98.8,0.20965231862459366,13,35
Karnataka,Bengaluru,"Silk Board, Bengaluru - Kspcb",12.917348,77.622813,0.6246387671483016,0.5928165319549223,0.8642740821220575,0.8375948341443228,0.563345639748523,78.6,0.1308927213745823,13,35
Karnataka,Chamarajanagar,"Urban, Chamarajanagar - Kspcb",11.55358,76.55521,0.24099879423758952,0.1918690328994176,0.44367114485706727,0.6094395230105362,0.10196962816862554,41.9,0.0,13,58
Karnataka,Chikkaballapur,"Chikkaballapur Rural, Chikkaballapur - Kspcb",13.428828,77.731418,0.0627417303151121,0.5928165319549223,0.6619527834616018,0.5474991993745036,0.5016372857841502,98.8,0.6985197468368646,13,65
Karnataka,Chikkamagaluru,"Kalyana Nagara, Chikkamagaluru - Kspcb",13.328028,75.797056,0.0,0.22240912966187687,0.4368585039039917,0.42208436208376543,0.13248957316150323,75.0,0.11638506388033432,13,66
Karnataka,Dharwad,"Kalabhavan, Dharwad - Kspcb",15.459706,75.008381,0.9237773442467667,0.5928165319549223,0.5362541814764882,0.5574366122233428,0.36927975556361936,98.8,0.3267923252876864,13,79
Karnataka,Hubballi,"Lingaraj Nagar, Hubballi - Kspcb",15.3714823,75.1160168,0.1964508434337584,0.1592211052123234,0.14153879962630178,0.6578922125729451,0.053655820599115334,41.9,0.0,13,104
Karnataka,Kalaburagi,"Mahatma Basaveswar Colony, Kalaburgi - Kspcb",17.336318,76.847397,0.5268549205154218,0.32800227820223793,0.31213041814816267,0.3982887832497489,0.004466022380917867,44.6,0.0,13,119
Karnataka,Madikeri,"Stuart Hill, Madikeri - Kspcb",12.415911,75.73505,0.03574131175534179,0.5504114078641149,0.540543770795601,0.0,0.0,50.8,0.2215886945840102,13,143
Karnataka,Mysuru,"Hebbal 1St Stage, Mysuru - Kspcb",12.21041,76.37376,0.24573170124836463,0.5198713111016555,0.42286044617334906,0.7733335626761736,0.2945727686506423,61.2,0.3267923252876864,13,162
Karnataka,Ramanagara,"Vijay Nagar, Ramanagara - Kspcb",12.733409,77.298051,0.38987694596091016,0.32800227820223793,0.7683498858186252,0.8470914306460574,0.43704781145355787,78.2,0.6039112062175432,13,195
Karnataka,Shivamogga,"Vinoba Nagara, Shivamogga - Kspcb",13.94,75.555917,0.0,0.32800227820223793,0.4470327746571491,0.9472947285882917,0.0,41.9,0.0,13,209
Karnataka,Tumakuru,"Thimmalapura, Tumakuru - Kspcb",13.377516,77.099072,0.7095776238124303,0.5928165319549223,0.5859883151540813,0.5574366122233428,0.665861690218704,148.0,0.7950724620343098,13,233
Karnataka,Vijayapura,"Ibrahimpur, Vijayapura - Kspcb",16.802639,75.722694,0.20158372006559522,0.0,0.1966189104295757,0.42208436208376543,0.0724399402352911,41.9,0.0,13,242
Karnataka,Yadgir,"Collector Office, Yadgir - Kspcb",16.7602,77.1428,0.13077427435665712,0.1918690328994176,0.2614118743035566,0.47794445296406185,0.27375827478949155,71.4,0.46477482939409687,13,247
Kerala,Eloor,"Udyogamandal, Eloor - Kerala Pcb",10.073232,76.302765,0.557003516527611,0.5504114078641149,0.04055370135549419,0.4312128395980225,0.3148103425107842,140.2,0.0,14,84
Kerala,Kannur,"Thavakkara, Kannur - Kerala Pcb",11.875,75.3732,0.23622455127118736,0.1918690328994176,0.30734893845476197,0.6317153918046899,0.40835286641427304,76.0,0.0,14,121
Kerala,Kollam,"Polayathode, Kollam - Kerala Pcb",8.8787,76.6073,0.07575775820463315,0.0,0.1264425837598837,0.675229717963863,0.20749892745114717,46.0,0.48542608689567335,14,135
Kerala,Thiruvananthapuram,"Kariavattom, Thiruvananthapuram - Kerala Pcb",8.5637,76.8865,0.21669935625071224,0.0,0.04055370135549419,0.7273387260193404,0.3409497737283762,171.6,0.14496724914880044,14,227
Kerala,Thiruvananthapuram,"Plammoodu, Thiruvananthapuram - Kerala Pcb",8.5149093,76.9435879,0.17003762145779766,0.5504114078641149,0.540543770795601,0.8871931381569761,0.3457484265935289,61.6,0.6535846505753727,14,227
Kerala,Thrissur,"Corporation Ground, Thrissur - Kerala Pcb",10.5324,76.2159,0.0,0.5504114078641149,0.04055370135549419,0.6502208248974627,0.2996849882467858,72.2,0.0,14,229
Madhya Pradesh,Bhopal,"Idgah Hills, Bhopal - Mppcb",23.264759,77.381568,0.4416487962150495,0.5928165319549223,0.5693025498857432,0.9209925663399275,0.5574042531607524,99.2,0.6765873427124401,15,45
Madhya Pradesh,Bhopal,"Paryavaran Parisar, Bhopal - Mppcb",23.210494,77.425409,0.5008878957644642,1.0,0.795002348502092,0.6065640021523616,0.7279383228263918,151.8,0.3967666683307166,15,45
Madhya Pradesh,Bhopal,"T T Nagar, Bhopal - Mppcb",23.233584,77.400574,0.7918228039274007,0.6560045564044759,0.6788125953824627,1.0,0.5991408915718575,94.8,0.7950724620343098,15,45
Madhya Pradesh,Damoh,"Shrivastav Colony, Damoh - Mppcb",23.81748678,79.446246,0.0,0.5504114078641149,0.540543770795601,0.5303564381412035,0.0,98.8,0.48542608689567335,15,72
Madhya Pradesh,Dewas,"Bhopal Chauraha, Dewas - Mppcb",22.9682591,76.064118,0.4283152731257034,0.4521549529554886,0.9872596919730002,0.5303564381412035,0.6013911010044626,114.8,1.0,15,76
Madhya Pradesh,Gwalior,"City Center, Gwalior - Mppcb",26.203442,78.193251,0.9682660218225723,0.1918690328994176,0.9652591803928651,0.8076433462947538,0.32472260852149804,77.0,0.6440598485036607,15,97
Madhya Pradesh,Gwalior,"Deen Dayal Nagar, Gwalior - Mppcb",26.259242,78.216432,0.9619463289517978,0.7980162283601294,0.6657637469257182,0.882934432635765,0.7222484832596625,124.8,0.2976204442986973,15,97
Madhya Pradesh,Gwalior,"Maharaj Bada, Gwalior - Mppcb",26.200388,78.147714,0.9999999999999998,0.35109013811174095,0.8148131100272243,0.8941898803157414,0.5750853200007509,85.0,0.3267923252876864,15,97
Madhya Pradesh,Indore,"Airport Area, Indore - Imc",22.7289,75.8076,0.0,0.5504114078641149,0.8385262124883172,0.18952262389335417,0.6136448076578467,223.2,0.0,15,106
Madhya Pradesh,Indore,"Chhoti Gwaltoli, Indore - Mppcb",22.431,75.5213,0.8827418547575852,0.9471148671697746,0.9999999999999999,0.5574366122233428,0.6418159601121474,132.6,0.948690626689341,15,106
Madhya Pradesh,Indore,"Maguda Nagar, Indore - Imc",22.7524,75.8872,0.6199058601375269,0.5504114078641149,0.32612847587880556,0.48977972674190473,0.5392844056863204,118.0,0.48542608689567335,15,106
Madhya Pradesh,Indore,"Regional Park, Indore - Imc",22.678,75.8559,0.5268549205154218,0.1918690328994176,0.47912670326354057,0.10609080364860513,0.5016372857841502,141.6,0.4504870187991895,15,106
Madhya Pradesh,Indore,"Residency Area, Indore - Imc",22.7084,75.8815,0.8900403255889222,0.5504114078641149,0.5467284105310383,0.12622377262532025,0.3890776335378221,102.4,0.0,15,106
Madhya Pradesh,Jabalpur,"Govindh Bhavan Colony, Jabalpur - Jmc",23.163174,79.973061,0.10700325337074412,0.1918690328994176,0.16312786898073228,0.28537160159891406,0.0,46.0,0.0,15,107
Madhya Pradesh,Jabalpur,"Gupteshwar, Jabalpur - Jmc",23.142888,79.916147,0.7596578008154149,0.1918690328994176,0.6279391293520274,0.6450219827791751,0.0,60.2,0.571383712008764,15,107
Madhya Pradesh,Jabalpur,"Marhatal, Jabalpur - Mppcb",23.168606,79.932247,0.9999999999999998,0.1918690328994176,0.5467284105310383,0.7419162522919392,0.4356395325541307,65.4,0.7662719569346245,15,107
Madhya Pradesh,Jabalpur,"Suhagi, Jabalpur - Jmc",23.218135,79.95777,0.9806903599290575,0.5928165319549223,0.7990469128506598,0.863926663211161,0.2945727686506423,69.8,0.6942141309114237,15,107
Madhya Pradesh,Katni,"Gole Bazar, Katni - Mppcb",23.50016,80.23284,0.7578141317998746,0.4335954267425991,0.55943267152923,0.8041698117527688,0.2684606042745932,61.6,0.8189059238437749,15,127
Madhya Pradesh,Mandideep,"Sector-D Industrial Area, Mandideep - Mppcb",23.10844,77.511428,0.6973387391982226,0.2510971408500289,0.9999999999999999,0.7917644998002996,0.6555041777917401,134.4,0.5364446439122798,15,148
Madhya Pradesh,Pithampur,"Sector-2 Industrial Area, Pithampur - Mppcb",22.624758,75.675238,0.34066438918280584,0.0,0.6788125953824627,1.0,0.9268170565044138,235.0,0.8751733451593829,15,184
Madhya Pradesh,Ratlam,"Shasthri Nagar, Ratlam - Ipca Lab",23.331731,75.045981,0.557003516527611,0.5504114078641149,0.5388995813432983,0.5303564381412035,0.5727524350035513,88.6,0.9873963859300662,15,196
Madhya Pradesh,Sagar,"Civil Lines, Sagar - Mppcb",23.838586,78.759431,0.4514397566679085,0.1918690328994176,0.48219368495288684,1.0,0.22086229828347026,41.9,0.3452833880955134,15,201
Madhya Pradesh,Sagar,"Deen Dayal Nagar, Sagar - Mppcb",23.8640158,78.80289321,0.12492772295771082,0.5504114078641149,0.23909233728825263,0.5303564381412035,0.20942301916529837,47.6,0.17191525022618093,15,201
Madhya Pradesh,Satna,"Bandhavgar Colony, Satna - Birla Cement",24.58434363,80.8549414,0.0,0.5504114078641149,0.2274276820306912,0.5303564381412035,0.16178488703311933,50.0,0.6765873427124401,15,206
Madhya Pradesh,Singrauli,"Suryakiran Bhawan Ncl, Singrauli - Mppcb",24.10897,82.64558,0.37890706589993717,0.0,0.2274276820306912,0.14537424586593983,0.9571139950946743,196.4,1.0,15,213
Madhya Pradesh,Ujjain,"Mahashweta Nagar, Ujjain - Mppcb",23.1633321,75.800225,0.7428365553060916,0.9534667378442546,0.8373139149019092,0.941190300079041,0.5207034442474288,165.4,0.15863376160798714,15,236
Maharashtra,Aurangabad,"Midc Chilkalthana, Aurangabad - Mpcb",19.87562,75.38731,0.5980855526806634,0.4335954267425991,0.7565511331846652,0.6262638202574996,0.37848398310256304,98.8,0.5483810198716966,16,17
Maharashtra,Aurangabad,"More Chowk Waluj, Aurangabad - Mpcb",19.8389439,75.244448,0.838374093756826,0.8478735893038934,0.37752526512445395,0.5734595243614137,0.44821731999624603,114.8,0.6392243018362967,16,17
Maharashtra,Aurangabad,"Rachnakar Colony, Aurangabad - Mpcb",19.863756,75.321188,0.7466195970128287,0.1918690328994176,0.7639676278686612,0.47391870647728884,0.5029239687303253,106.0,0.7395422756884632,16,17
Maharashtra,Ahmednagar,"Tarakpur, Ahmednagar - Mpcb",19.10122,74.73339,0.9806903599290575,0.5928165319549223,0.42992310608000006,0.7826572039509582,0.5477963200271971,89.6,0.7587882812790486,16,3
Maharashtra,Akola,"Ramdaspeth, Akola - Mpcb",20.719516,77.000253,0.5543304190497864,0.4335954267425991,0.7237402547781534,0.4698512416675106,0.3890776335378221,69.0,0.7395422756884632,16,6
Maharashtra,Amravati,"Shivneri Colony, Amravati - Mpcb",20.9402359,77.7895248,0.21669935625071224,0.4335954267425991,0.3306836079235219,0.8161950318732863,0.5016372857841502,80.0,0.37172742154917826,16,9
Maharashtra,Amravati,"Shri Shivaji Science College, Amravati - Mpcb",20.939198,77.765701,0.6477074788856394,0.32800227820223793,0.4760350869192854,0.8698738503447497,0.4899539584073511,87.4,0.9280769973187625,16,9
Maharashtra,Badlapur,"Katrap, Badlapur - Mpcb",19.16485,73.23409,0.4215245355511321,0.5198713111016555,0.4503652990720989,0.5303564381412035,0.5854920384240954,114.8,0.3172675232159744,16,19
Maharashtra,Belapur,"Cbd Belapur, Belapur - Mpcb",19.0243902,73.0406721,0.4514397566679085,0.0,0.5254869293003998,0.44885656687460307,0.7484297599124741,176.4,0.7395422756884632,16,34
Maharashtra,Bhiwandi,"Gokul Nagar, Bhiwandi - Mpcb",19.309073,73.057223,0.5067658808395605,0.5198713111016555,0.5836484649970405,0.5303564381412035,0.634337699164548,104.6,0.37172742154917826,16,43
Maharashtra,Boisar,"Khaira, Boisar - Mpcb",19.786089,72.757971,0.4673781260581078,0.5928165319549223,0.4852364214741677,0.7165844411969365,0.4523622263938547,41.9,0.0,16,51
Maharashtra,Chandrapur,"Chauhan Colony, Chandrapur - Mpcb",19.9629,79.298714,0.26880041298570245,0.1918690328994176,0.5741441755540296,0.6036672595461016,0.6235198363705359,53.0,0.9684405999036422,16,60
Maharashtra,Chandrapur,"Midc Khutala, Chandrapur - Mpcb",19.9775302,79.2337086,0.5380113760056713,0.32800227820223793,0.29760400870038317,0.4657411848288663,0.6013911010044626,96.0,0.3267923252876864,16,60
Maharashtra,Dhule,"Deopur, Dhule - Mpcb",20.918946,74.776388,0.6054561903433247,0.1918690328994176,0.37349481818737507,0.821238015698044,0.6523680567947583,136.0,0.15863376160798714,16,81
Maharashtra,Jalgaon,"Prabhat Colony, Jalgaon - Mpcb",21.001264,75.565602,0.26880041298570245,0.2781449172584739,0.20923984982001764,0.7733335626761736,0.47940948083200663,107.0,0.587927924147483,16,111
Maharashtra,Kalyan,"Khadakpada, Kalyan - Mpcb",19.25292,73.142019,0.557003516527611,0.0,0.6300253358982449,0.5303564381412035,0.26133671964213345,79.6,0.48542608689567335,16,120
Maharashtra,Kolhapur,"Shivaji University, Kolhapur - Mpcb",16.6870449,74.2505872,0.43167926740300344,0.4335954267425991,0.7154978806033113,0.5796899225047959,0.22275154224299065,49.0,0.0,16,133
Maharashtra,Kolhapur,"Sinchan Bhavan, Kolhapur - Mpcb",16.7143745,74.2426398,0.0,0.8066991739956514,0.7591631928053119,0.013306590974485277,0.3197832951011841,65.8,0.19740587250135755,16,133
Maharashtra,Latur,"Sawe Wadi, Latur - Mpcb",18.39963,76.57452,0.20666884831596044,0.8066991739956514,0.6151787066603686,0.737806195453295,0.28076257197900834,79.0,0.2215886945840102,16,140
Maharashtra,Mahad,"Kamble Tarf Birwadi, Mahad - Mpcb",18.1023399,73.4783687,0.4798024641645935,0.5649727801524697,0.6967183431792677,0.8161950318732863,0.6811275922278459,183.6,0.953706223642297,16,145
Maharashtra,Malegaon,"Mahesh Nagar, Malegaon - Mpcb",20.555712,74.529236,0.8415522849472701,0.0,0.540543770795601,0.8262170275996489,0.5016372857841502,98.8,0.48542608689567335,16,146
Maharashtra,Mira-Bhayandar,"Bhayandar West, Mira-Bhayandar - Mpcb",19.296481,72.840923,0.5380113760056713,0.5928165319549223,0.7428303240185531,0.4079808026291215,0.46194314488107624,81.6,0.5769632051401629,16,155
Maharashtra,Mumbai,"Bandra Kurla Complex, Mumbai - Iitm",19.053536,72.84643,0.7115910601399802,1.0,0.7188160405105809,0.24401687836584052,0.6289488010299964,106.33333333333333,0.48542608689567335,16,158
Maharashtra,Mumbai,"Bandra Kurla Complex, Mumbai - Mpcb",19.065931,72.862131,0.0,0.6560045564044759,0.8999288334863512,0.42208436208376543,0.7087971905576382,129.2,0.27711888092985715,16,158
Maharashtra,Mumbai,"Borivali East, Mumbai - Iitm",19.23241,72.86895,0.9892223757481362,0.4335954267425991,0.8311944828989185,0.6578922125729451,0.552616089229574,94.0,0.48542608689567335,16,158
Maharashtra,Mumbai,"Borivali East, Mumbai - Mpcb",19.2243333,72.8658113,0.08215136728739636,0.4335954267425991,0.540543770795601,0.5232840514555038,0.12820690761189368,46.2,0.5769632051401629,16,158
Maharashtra,Mumbai,"Byculla, Mumbai - Bmc",18.9767,72.838,0.6159302255599586,0.5504114078641149,0.540543770795601,0.6824318804290975,0.5016372857841502,98.8,0.48542608689567335,16,158
Maharashtra,Mumbai,"Chakala-Andheri East, Mumbai - Iitm",19.11074,72.86084,0.8827418547575852,0.5504114078641149,0.9070852923859106,0.46158763451778306,0.6396871178374361,145.8,0.47864234874914147,16,158
Maharashtra,Mumbai,"Chembur, Mumbai - Mpcb",19.0364585,72.8954371,0.9490834450175945,0.9406765738377335,0.725367758959825,0.3832866957225297,0.5169298318020892,68.2,0.5116251415612371,16,158
Maharashtra,Mumbai,"Chhatrapati Shivaji Intl. Airport (T2), Mumbai - Mpcb",19.10078,72.87462,0.557003516527611,0.5504114078641149,0.0,0.12622377262532025,0.6103232293008634,131.4,0.6985197468368646,16,158
Maharashtra,Mumbai,"Colaba, Mumbai - Mpcb",18.91,72.82,0.7987206537478186,0.5504114078641149,0.540543770795601,0.28537160159891406,0.2631242171884276,68.0,0.48542608689567335,16,158
Maharashtra,Mumbai,"Deonar, Mumbai - Iitm",19.04946,72.923,0.9318960183993921,0.5504114078641149,0.7070751338910318,0.31070341269391666,0.6831391427644928,99.6,0.10141676964490587,16,158
Maharashtra,Mumbai,"Ghatkopar, Mumbai - Bmc",19.083694,72.920967,0.5830392630518604,0.32800227820223793,0.9040345168465634,0.4312128395980225,0.6502698013767398,111.2,0.0,16,158
Maharashtra,Mumbai,"Kandivali East, Mumbai - Mpcb",19.2058,72.8682,0.19126931321772034,0.32800227820223793,0.5619239693236747,0.4657411848288663,0.552616089229574,41.9,0.7772793440868758,16,158
Maharashtra,Mumbai,"Kandivali West, Mumbai - Bmc",19.215859,72.831718,0.6362948024650221,0.0,0.5335904741985354,0.6871609357269374,0.5683580844309963,82.25,0.40282407500237316,16,158
Maharashtra,Mumbai,"Kherwadi_Bandra East, Mumbai - Mpcb",19.0632143,72.8456324,0.20413219715192343,0.9840068346067138,0.6258415537766854,0.5734595243614137,0.4633016427296974,108.8,0.0,16,158
Maharashtra,Mumbai,"Khindipada-Bhandup West, Mumbai - Iitm",19.1653323,72.922099,0.34066438918280584,0.5928165319549223,0.5906257708362618,0.8609189332320061,0.4912613757360762,98.8,0.49870757551386713,16,158
Maharashtra,Mumbai,"Kurla, Mumbai - Mpcb",19.0863,72.8888,0.21669935625071224,0.1918690328994176,0.06388837082425414,0.6317153918046899,0.5877846380563008,102.6,0.9499495370958152,16,158
Maharashtra,Mumbai,"Malad West, Mumbai - Iitm",19.19709,72.82204,0.44247144098269064,0.7117403440010731,0.8597189500773409,0.8969540244268889,0.5843430336503994,66.8,0.37172742154917826,16,158
Maharashtra,Mumbai,"Mazgaon, Mumbai - Iitm",18.96702,72.84214,0.9029369292495606,0.9840068346067138,0.540543770795601,0.7110947455331967,0.5244576550006679,110.25,0.8368219943716669,16,158
Maharashtra,Mumbai,"Mindspace-Malad West, Mumbai - Mpcb",19.1878657,72.8304069,0.6293310478467748,0.47869689579341335,0.7401046382139244,0.5373036432466277,0.4899539584073511,92.0,0.7662719569346245,16,158
Maharashtra,Mumbai,"Mulund West, Mumbai - Mpcb",19.175,72.9419,0.557003516527611,0.5198713111016555,0.3396352710469125,0.5303564381412035,0.5016372857841502,75.8,0.48542608689567335,16,158
Maharashtra,Mumbai,"Navy Nagar-Colaba, Mumbai - Iitm",18.897756,72.81332,0.6246387671483016,1.0,0.982293117702579,0.5734595243614137,0.6136448076578467,135.4,0.9436210975525993,16,158
Maharashtra,Mumbai,"Powai, Mumbai - Mpcb",19.1375,72.915056,0.557003516527611,0.1918690328994176,0.08588888240438941,0.5303564381412035,0.21706908256865542,73.6,0.48542608689567335,16,158
Maharashtra,Mumbai,"Sewri, Mumbai - Bmc",19.000084,72.85673,0.13655895632597104,0.9597344753048648,0.540543770795601,0.540731672386947,0.5453744525233537,106.0,0.48542608689567335,16,158
Maharashtra,Mumbai,"Shivaji Nagar, Mumbai - Bmc",19.060498,72.923356,0.8986717787830638,0.32800227820223793,0.3306836079235219,0.4174392564903687,0.5727524350035513,72.4,0.48542608689567335,16,158
Maharashtra,Mumbai,"Siddharth Nagar-Worli, Mumbai - Iitm",19.000083,72.813993,0.665486195280186,0.5353876933209418,0.755050530248908,0.9261402708330199,0.4938692084473466,94.4,0.48542608689567335,16,158
Maharashtra,Mumbai,"Sion, Mumbai - Mpcb",19.047,72.8746,0.04940820722576622,0.6560045564044759,0.5859883151540813,0.5303564381412035,0.5762489734470453,77.2,0.48542608689567335,16,158
Maharashtra,Mumbai,"Vile Parle West, Mumbai - Mpcb",19.10861,72.83622,0.24573170124836463,0.5928165319549223,0.1966189104295757,0.5303564381412035,0.46465761783248816,75.0,1.0,16,158
Maharashtra,Nagpur,"Ambazari, Nagpur - Mpcb",21.121801,79.04952,0.7741874892506051,0.5928165319549223,0.708774492790461,0.6007489796223991,0.6002668630872061,139.6,0.9201084414208748,16,165
Maharashtra,Nagpur,"Mahal, Nagpur - Mpcb",21.14472,79.107595,0.9999999999999998,0.7117403440010731,0.8083221608316925,0.3569340600166754,0.7851485780347862,206.2,1.0,16,165
Maharashtra,Nagpur,"Opp Gpo Civil Lines, Nagpur - Mpcb",21.152875,79.0517531,0.9542649752336325,0.8066991739956514,0.5929237129780732,0.1977862310430818,0.6627698335891954,173.8,0.7511838959852041,16,165
Maharashtra,Nagpur,"Ram Nagar, Nagpur - Mpcb",21.143383,79.048912,0.850977472656518,0.4335954267425991,0.640290055286643,0.4698512416675106,0.676074337575653,159.8,0.773638695362071,16,165
Maharashtra,Nanded,"Sneh Nagar, Nanded - Mpcb",19.173852,77.296291,0.3132501430822472,0.4335954267425991,0.42992310608000006,0.8969540244268889,0.3738963718884616,95.8,0.0,16,168
Maharashtra,Nashik,"Gangapur Road, Nashik - Mpcb",20.0073285,73.7762427,0.24099879423758952,0.32800227820223793,0.0,0.5441300212488577,0.4912613757360762,75.4,0.0,16,170
Maharashtra,Nashik,"Hirawadi, Nashik - Mpcb",20.021503,73.813844,0.8089069238562792,0.3037299189003889,0.3970677446525982,0.8375948341443228,0.44821731999624603,93.4,0.6985197468368646,16,170
Maharashtra,Nashik,"Midc Ambad, Nashik - Mpcb",19.95022,73.73148,0.4111775892023737,0.32800227820223793,0.5115899626184001,0.6007489796223991,0.47407958575861686,62.2,0.6985197468368646,16,170
Maharashtra,Nashik,"Pandav Nagari, Nashik - Mpcb",19.9591346,73.7788008,0.8399654990872707,0.5504114078641149,0.43340642546866925,0.5858229666843563,0.40247603482821104,79.2,0.2556851142576181,16,170
Maharashtra,Navi Mumbai,"Kopripada-Vashi, Navi Mumbai - Mpcb",19.090337,73.014232,0.7669709178440531,0.3941386440285972,0.7121508667695678,0.34022912018027973,0.7456691048924866,79.4,0.3267923252876864,16,171
Maharashtra,Navi Mumbai,"Mahape, Navi Mumbai - Mpcb",19.1135051,73.008978,0.557003516527611,0.0,0.9546648189511046,0.25121904083107516,0.6449976313030263,61.4,0.6765873427124401,16,171
Maharashtra,Navi Mumbai,"Nerul, Navi Mumbai - Mpcb",19.008751,73.01662,0.557003516527611,0.7117403440010731,0.8754315058120384,0.5303564381412035,0.5016372857841502,127.8,0.48542608689567335,16,171
Maharashtra,Navi Mumbai,"Sanpada, Navi Mumbai - Mpcb",19.0575752,73.0151367,0.9806903599290575,0.9208188101571603,0.2825077928339651,0.7953490620799325,0.5609748831756227,89.4,0.9120028836007782,16,171
Maharashtra,Navi Mumbai,"Sector-2E Kalamboli, Navi Mumbai - Mpcb",19.02579,73.10297,0.6362948024650221,0.7615977049448371,0.6600330579584189,0.26003979050391146,0.2911446291002724,64.6,0.3885671283181241,16,171
Maharashtra,Navi Mumbai,"Tondare-Taloja, Navi Mumbai - Mpcb",19.063,73.1209,0.11901796437306267,0.6676892799546235,0.6173350381572239,0.21380914318115274,0.42713234060269034,103.2,0.37172742154917826,16,171
Maharashtra,Parbhani,"Masoom Colony, Parbhani - Mpcb",19.265594,76.761463,0.0,0.4335954267425991,0.2614118743035566,0.25121904083107516,0.3738963718884616,94.0,0.48542608689567335,16,179
Maharashtra,Pimpri-Chinchwad,"Gavalinagar, Pimpri Chinchwad - Mpcb",18.63673,73.82487,0.8303468225678456,0.9000910911010439,0.8433375772056467,0.6824318804290975,0.603634397340362,98.8,0.0,16,183
Maharashtra,Pimpri-Chinchwad,"Park Street Wakad, Pimpri Chinchwad - Mpcb",18.59051,73.77946,0.9999999999999998,0.5928165319549223,0.9437705776067592,0.4079808026291215,0.6740432030726251,90.4,0.3361285049655668,16,183
Maharashtra,Pimpri-Chinchwad,"Savta Mali Nagar, Pimpri-Chinchwad - Iitm",18.614767,73.799516,0.8972426345836071,0.5504114078641149,0.9141111175956106,0.1977862310430818,0.6977235880439117,157.8,0.48542608689567335,16,183
Maharashtra,Pimpri-Chinchwad,"Thergaon, Pimpri Chinchwad - Mpcb",18.616318,73.765797,0.975754458719593,0.8066991739956514,0.9325589840249858,0.30916718043293034,0.5609748831756227,100.8,0.08595762511309046,16,183
Maharashtra,Pune,"Bhosari, Pune - Iitm",18.640051,73.848956,0.9141506013344751,0.5504114078641149,0.2274276820306912,0.37295697215474644,0.6481654991047789,145.4,0.48542608689567335,16,188
Maharashtra,Pune,"Bhumkar Nagar, Pune - Iitm",18.60577,73.749976,0.36012008482680535,0.5504114078641149,0.540543770795601,0.5812321910573591,0.5016372857841502,98.8,0.48542608689567335,16,188
Maharashtra,Pune,"Dhankawadi, Pune - Iitm",18.459883,73.852193,0.6431709603608755,0.5504114078641149,0.834877804456544,0.7209215774990317,0.7034442067620761,152.5,0.48542608689567335,16,188
Maharashtra,Pune,"Hadapsar, Pune - Iitm",18.501793,73.927532,0.8958097442613882,0.5504114078641149,0.9608802461839082,0.5373036432466277,0.5016372857841502,249.0,0.48542608689567335,16,188
Maharashtra,Pune,"Katraj Dairy, Pune - Mpcb",18.45445,73.854155,0.7215484819933435,0.5198713111016555,0.6300253358982449,0.753994338846859,0.4886441959341794,70.0,0.0,16,188
Maharashtra,Pune,"Mhada Colony, Pune - Iitm",18.57304,73.927715,0.8723574680920463,0.5504114078641149,0.9652591803928651,0.5918616525867321,0.9438817252396601,224.0,0.48542608689567335,16,188
Maharashtra,Pune,"Panchawati_Pashan, Pune - Iitm",18.536457,73.805454,0.27329959348614064,0.5504114078641149,0.40833403672556956,0.3167889119831485,0.5080481468329179,147.6,0.48542608689567335,16,188
Maharashtra,Pune,"Revenue Colony-Shivajinagar, Pune - Iitm",18.530085,73.849598,0.9999999999999998,0.5504114078641149,0.8968205729975128,0.1724544199480792,0.5016372857841502,148.0,0.38022245619199746,16,188
Maharashtra,Pune,"Savitribai Phule Pune University, Pune - Mpcb",18.547056,73.826908,0.8139297525630214,0.5504114078641149,0.30734893845476197,0.6000160067826402,0.45921854327578826,92.0,0.08595762511309046,16,188
Maharashtra,Pune,"Transport Nagar-Nigdi, Pune - Iitm",18.664282,73.763966,0.8038375149297192,0.5504114078641149,0.8830536195461011,0.21380914318115274,0.603634397340362,195.4,0.48542608689567335,16,188
Maharashtra,Sangli,"Vijay Nagar, Sangli - Mpcb",16.5038,74.3623,0.5980855526806634,0.32800227820223793,0.5362541814764882,0.5012685520517449,0.42997909813831514,105.0,0.7434548430983564,16,204
Maharashtra,Solapur,"Dnyaneshwar Nagar, Solapur - Mpcb",17.6336264,75.9132495,0.23622455127118736,0.8857503796980876,0.47912670326354057,0.6317153918046899,0.27375827478949155,68.4,0.2215886945840102,16,217
Maharashtra,Solapur,"Ratandeep Housing Society, Solapur - Mpcb",17.65439,75.90649,0.5240298633496232,0.4335954267425991,0.5883140271574178,0.6604163810253386,0.37542878039006,81.2,0.4127499504007769,16,217
Maharashtra,Thane,"Kasarvadavali, Thane - Mpcb",19.26777,72.97182,0.5489446873577346,0.9913435282384487,0.8915837008469555,0.5441300212488577,0.3441523770334549,51.2,0.47864234874914147,16,226
Maharashtra,Thane,"Upvan Fort, Thane - Mpcb",19.222279,72.957979,0.3677125311128917,0.5928165319549223,0.6714103640682593,0.7863255188910235,0.49093474080197197,78.75,0.8020058467991728,16,226
Maharashtra,Ulhasnagar,"Sidhi Vinayak Nagar, Ulhasnagar - Mpcb",19.235581,73.159121,0.4283152731257034,0.5928165319549223,0.5227473863083812,0.4174392564903687,0.5477963200271971,105.4,0.49870757551386713,16,237
Maharashtra,Virar,"Bolinj, Virar - Mpcb",19.445821,72.7988231,0.40416919391243167,0.32800227820223793,0.4852364214741677,0.5303564381412035,0.4633016427296974,77.4,0.7112055794477218,16,244
Meghalaya,Shillong,"Lumpyngngad, Shillong - Meghalaya Pcb",25.5586,91.8985,0.16459829951572202,0.5504114078641149,0.540543770795601,0.7143977679000116,0.0,41.9,0.47693105225285437,17,208
Mizoram,Aizawl,"Sikulpuikawn, Aizawl - Mizoram Pcb",23.7176342,92.7192841,0.0,0.5504114078641149,0.540543770795601,0.0,0.0,57.0,0.6039112062175432,18,4
Nagaland,Kohima,"Pwd Junction, Kohima - Npcb",25.6635413,94.0989878,0.1008953982646561,0.0,0.0,0.013306590974485277,0.0,52.6,1.0,19,132
Odisha,Angul,"Hakimapada, Angul - Ospcb",20.832874,85.104082,0.652206659386078,0.8236012300020444,0.8249761866619406,0.7077636915241002,0.685145167056441,171.2,0.9307035315052296,20,12
Odisha,Balasore,"Kalidaspur, Balasore - Ospcb",21.51161,86.89088,0.5296654529015583,0.32800227820223793,0.48219368495288684,0.8517549331292248,0.658626886968722,168.0,0.7153594536058104,20,23
Odisha,Barbil,"Forest Office, Barbil - Ospcb",22.1166054,85.3945546,0.5352435354345382,0.1918690328994176,0.6657637469257182,0.563924476326516,0.7274658592815908,126.0,0.7950724620343098,20,27
Odisha,Baripada,"Meher Colony, Baripada - Ospcb",21.941841,86.728318,0.5649452641272255,0.4335954267425991,0.2721043442440306,0.9024245916108068,0.4660110795416177,107.2,0.6765873427124401,20,29
Odisha,Bhubaneswar,"Lingraj Mandir, Bhubaneswar - Ospcb",20.24079,85.836784,0.8827418547575852,0.7891709753108528,0.7741163482108763,1.0,0.4912613757360762,98.8,0.37172742154917826,20,46
Odisha,Bhubaneswar,"Patia, Bhubaneswar - Ospcb",20.34652,85.8163,0.6599922058701988,0.5928165319549223,0.48825529314964033,0.9556845072141217,0.5820395857369998,99.0,0.3267923252876864,20,46
Odisha,Bileipada,"Tata Township, Bileipada - Ospcb",22.06156703,85.47409613,0.5154660222259084,0.5198713111016555,0.0964348616997096,0.11376219132408738,0.7728169298676768,59.8,0.49377075902180023,20,50
Odisha,Brajrajnagar,"Gm Office, Brajrajnagar - Ospcb",21.8004996,83.8396977,0.4215245355511321,0.6560045564044759,0.0,0.6515098468823483,0.5343755308420017,116.8,0.6985197468368646,20,52
Odisha,Byasanagar,"Ferro Chrome Colony, Byasanagar - Ospcb",20.94185,86.1151,0.3562839473650916,0.1918690328994176,0.44027989679176394,1.0,0.590070062091069,135.25,0.15863376160798714,20,56
Odisha,Cuttack,"Cda Area, Cuttack - Ospcb",20.48891,85.84768,0.6842916438570759,0.6560045564044759,0.725367758959825,1.0,0.6960808598302171,140.6,0.15863376160798714,20,71
Odisha,Keonjhar,"Jagamohanpur, Keonjhar - Ospcb",21.6439,85.599355,0.0,0.5198713111016555,0.16312786898073228,0.33449899152793316,0.6275953393208669,71.0,0.62940182849272,20,128
Odisha,Nayagarh,"Dabuna, Nayagarh - Ospcb",21.847279,85.416905,0.04261746965119495,0.5928165319549223,0.16312786898073228,0.42208436208376543,0.5580005720040333,41.9,0.4127499504007769,20,172
Odisha,Rairangpur,"Divisional Forest Office, Rairangpur - Ospcb",22.265816,86.174829,0.5154660222259084,0.0,0.1966189104295757,0.5888539226075772,0.5016372857841502,67.8,0.3267923252876864,20,191
Odisha,Rourkela,"Fertilizer Township, Rourkela - Ospcb",22.18972222,84.86277778,0.3562839473650916,0.5504114078641149,0.1966189104295757,0.5303564381412035,0.4727410108961019,115.0,0.3267923252876864,20,199
Odisha,Rourkela,"Raghunathpali, Rourkela - Ospcb",22.220833,84.809444,0.9120654849668381,0.0,0.30734893845476197,0.013306590974485277,0.665861690218704,183.2,0.08595762511309046,20,199
Odisha,Suakati,"Omc Colony, Suakati - Ospcb",21.606865,85.510538,0.3386801861152393,0.5504114078641149,0.540543770795601,0.9820525428941466,0.5016372857841502,98.8,0.48542608689567335,20,222
Odisha,Talcher,"Talcher Coalfields,Talcher - Ospcb",20.9360711,85.1707021,0.9999999999999998,0.6560045564044759,0.7683498858186252,0.6734083372401886,0.735456457535538,137.8,0.27711888092985715,20,224
Odisha,Tensa,"Barsua Iron Ore Mines, Tensa - Ospcb",21.869985,85.167016,0.4859103192706813,0.5504114078641149,0.540543770795601,0.4759367409567422,0.14676088834307555,45.0,0.48542608689567335,20,225
Puducherry,Puducherry,"Jawahar Nagar, Puducherry - Ppcc",11.9309,79.8027,0.19773858806916023,0.0,0.540543770795601,0.9267790127829764,0.2432168721677015,76.5,0.27711888092985715,21,187
Punjab,Amritsar,"Golden Temple, Amritsar - Ppcb",31.62,74.876512,0.5766456539690974,0.8066991739956514,0.893687007531588,0.7480017515811709,0.07533179503696497,47.5,0.6535846505753727,22,10
Punjab,Bathinda,"Hardev Nagar, Bathinda - Ppcb",30.233011,74.907758,0.91276140784241,0.5504114078641149,0.2274276820306912,0.5303564381412035,0.19975145548113682,48.75,0.4504870187991895,22,32
Punjab,Jalandhar,"Civil Line, Jalandhar - Ppcb",31.321907,75.578914,0.7466195970128287,0.1918690328994176,0.6695373474014298,0.9436434758248303,0.22275154224299065,53.75,0.5657373970124536,22,110
Punjab,Khanna,"Kalal Majra, Khanna - Ppcb",30.736056,76.209694,0.7559642236218009,0.6560045564044759,0.5415269237324248,0.617941808697036,0.2975592447279469,76.75,0.5657373970124536,22,129
Punjab,Ludhiana,"Punjab Agricultural University, Ludhiana - Ppcb",30.9028,75.8086,0.7830762598123691,0.7247057375078979,0.6237324845791888,0.6108694220113363,0.5889282442149084,135.6,0.935913105694863,22,142
Punjab,Mandi Gobindgarh,"Rimt University, Mandi Gobindgarh - Ppcb",30.649961,76.331442,0.8885884061565312,0.5928165319549223,0.47912670326354057,0.737806195453295,0.9454612791417869,221.2,0.8722174629559646,22,147
Punjab,Patiala,"Model Town, Patiala - Ppcb",30.349388,76.366642,0.26426389446093834,0.5928165319549223,0.3683966752383544,0.4312128395980225,0.36151993351228917,58.25,0.6193703507493588,22,180
Punjab,Rupnagar,"Ratanpura, Rupnagar - Ambuja Cements",31.0325454,76.5623046,0.6175239507265309,0.5504114078641149,0.5227473863083812,0.5303564381412035,0.0,41.9,0.15863376160798714,22,200
Rajasthan,Ajmer,"Civil Lines,  Ajmer - Rspcb",26.470859,74.646594,0.30801902809181536,0.4335954267425991,0.5741441755540296,0.4955661731849538,0.5538160769819997,87.6,0.15863376160798714,23,5
Rajasthan,Alwar,"Moti Doongri, Alwar - Rspcb",27.554793,76.611536,0.9666929348522959,0.9140099551302526,0.8516154051792054,0.6654165357986458,0.5934848417346954,79.4,0.8415923048873984,23,7
Rajasthan,Banswara,"Rati Talai, Banswara - Rspcb",23.55519,74.44001,0.6827048579970769,0.7615977049448371,0.7138280117564167,0.9024245916108068,0.4833815253483178,90.4,0.04493509626149195,23,25
Rajasthan,Baran,"Bamboliya, Baran - Rspcb",25.106006,76.469948,0.19126931321772034,0.8478735893038934,0.3815139450205828,0.9544968910535262,0.25233300034778283,51.8,0.08595762511309046,23,26
Rajasthan,Barmer,"Railway Colony, Barmer - Rspcb",25.747299,71.393989,0.9999999999999998,0.7422804407635325,0.3351854623481799,0.9261402708330199,0.5985772540425098,148.0,0.2215886945840102,23,30
Rajasthan,Bharatpur,"Krishna Nagar, Bharatpur - Rspcb",27.215415,77.50873,0.6345621628372065,1.0,0.5974788450227896,0.9897382371010089,0.45785242055173825,71.0,0.2360963520782583,23,38
Rajasthan,Bhilwara,"Pratap Nagar, Bhilwara - Rspcb",25.339605,74.618883,0.7428365553060916,0.32800227820223793,0.5650155856679301,0.7209215774990317,0.4170803693126275,97.25,0.5824774395453044,23,41
Rajasthan,Bhiwadi,"Riico Ind. Area Iii, Bhiwadi - Rspcb",28.194909,76.862296,0.6869260939917525,0.8857503796980876,0.6300253358982449,0.378155814273034,0.941770324106785,257.75,0.8384174668489234,23,42
Rajasthan,Bhiwadi,"Vasundhara Nagar_Uit, Bhiwadi - Rspcb",28.207266,76.829265,0.741886690002054,0.5928165319549223,0.7990469128506598,0.7273387260193404,0.9501795423795603,261.25,0.62940182849272,23,42
Rajasthan,Bikaner,"Mm Ground, Bikaner - Rspcb",28.018792,73.292658,0.3629796241021166,0.7422804407635325,0.5946382109821279,1.0,0.6648325253083538,166.4,0.37172742154917826,23,48
Rajasthan,Bundi,"New Colony, Bundi - Rspcb",25.435774,75.644272,0.4546648241045703,0.5756070986982526,0.4912506714222614,1.0,0.3288133328508356,79.6,0.3384339455844275,23,54
Rajasthan,Chittorgarh,"Shastri Nagar, Chittorgarh - Rspcb",24.892047,74.623527,0.17542335314984925,1.0,0.7712439157344498,0.7398666035527429,0.60512610854969,147.6,0.8352211043204273,23,68
Rajasthan,Churu,"Subash Chowk, Churu - Rspcb",28.296139,74.961696,0.43167926740300344,0.8633899715231798,0.570113728616951,1.0,0.7139507532507903,177.8,0.27711888092985715,23,69
Rajasthan,Dausa,"Khatikan Mohalla, Dausa - Rspcb",26.895552,76.334753,0.6763112489143135,0.9406765738377335,0.5946382109821279,1.0,0.2911446291002724,48.8,0.2215886945840102,23,73
Rajasthan,Dholpur,"Raja Ganj, Dholpur - Rspcb",26.699557,77.898881,0.7225343205742074,0.9374242774605429,0.6878695818518371,0.7055271792528682,0.60512610854969,159.0,0.15863376160798714,23,80
Rajasthan,Dungarpur,"Bhoiwada, Dungarpur - Rspcb",23.837789,73.714926,0.6599922058701988,0.9720262640571439,0.5087493285777386,0.6578922125729451,0.5441604998197822,84.2,0.08595762511309046,23,82
Rajasthan,Hanumangarh,"Housing Board, Hanumangarh - Rspcb",29.61075,74.283608,0.40768462303703146,0.0,0.5650155856679301,0.5012685520517449,0.7955552964581307,97.2,0.360888744961294,23,100
Rajasthan,Jaipur,"Adarsh Nagar, Jaipur - Rspcb",26.902909,75.836858,0.6544424389646333,0.8478735893038934,0.5362541814764882,0.8871931381569761,0.40835286641427304,154.2,0.7395422756884632,23,108
Rajasthan,Jaipur,"Mansarovar Sector-12, Jaipur - Rspcb",26.843698,75.766894,0.8004316014510693,0.8478735893038934,0.6751292738248372,1.0,0.552616089229574,80.5,0.18483281627355086,23,108
Rajasthan,Jaipur,"Police Commissionerate, Jaipur - Rspcb",26.9164092,75.7994901,0.7813100309901018,0.7117403440010731,0.9999999999999999,0.8127966830113756,0.35367676054287767,95.2,0.7950724620343098,23,108
Rajasthan,Jaipur,"Riico Sitapura, Jaipur - Rspcb",26.786682,75.827928,0.4971817978744395,0.5928165319549223,0.9425408507923841,1.0,0.5814625865896197,105.0,0.0,23,108
Rajasthan,Jaipur,"Sector-2 Murlipura, Jaipur - Rspcb",26.960669,75.771817,0.557003516527611,0.5928165319549223,0.5524972737052382,0.9775921898772971,0.35209796558616,57.4,0.17191525022618093,23,108
Rajasthan,Jaipur,"Shastri Nagar, Jaipur - Rspcb",26.9502929,75.730943,0.9999999999999998,0.8734585909458085,0.7755445656770062,0.8099420752172034,0.4224825570827755,107.8,0.8722174629559646,23,108
Rajasthan,Jaisalmer,"Sadar Bazar, Jaisalmer - Rspcb",26.912329,70.909168,0.4283152731257034,0.5928165319549223,0.4470327746571491,1.0,0.5490042481488402,175.0,0.08595762511309046,23,109
Rajasthan,Jalore,"Mudtra Sili, Jalore - Rspcb",25.344694,72.626208,0.6287467107040874,0.5391885752829603,0.6382588940269683,0.9719445119849696,0.46058211488215717,79.5,0.2215886945840102,23,112
Rajasthan,Jhalawar,"Rajlaxmi Nagar, Jhalawar - Rspcb",24.588397,76.172782,0.5045690365770801,0.7732824284949845,0.9999999999999999,1.0,0.4313983257629719,111.5,0.3267923252876864,23,113
Rajasthan,Jhunjhunu,"Indra Nagar, Jhunjhunu - Rspcb",28.108988,75.386577,0.3286496781804875,0.8236012300020444,0.5556652271069934,1.0,0.739186694935424,137.5,0.15863376160798714,23,115
Rajasthan,Jodhpur,"Collectorate, Jodhpur - Rspcb",26.268249,73.0193853,0.855629818567017,0.8556953749926269,0.39323782085915127,0.9154481315586555,0.19975145548113682,76.75,0.2332303148807514,23,117
Rajasthan,Jodhpur,"Digari Kalan, Jodhpur - Rspcb",26.29581,73.082283,0.2865791293802491,0.6790924163139788,0.4503652990720989,1.0,0.5016372857841502,101.0,0.0,23,117
Rajasthan,Jodhpur,"Jhalamand, Jodhpur - Rspcb",26.215415,73.070156,0.24099879423758952,0.9534667378442546,0.4593837005917646,0.9349894311201518,0.3987788503066394,83.4,0.08595762511309046,23,117
Rajasthan,Jodhpur,"Mandor, Jodhpur - Rspcb",26.358805,73.047444,0.17542335314984925,0.5353876933209418,0.3970677446525982,0.9071495805547648,0.35209796558616,114.0,0.20662040034858176,23,117
Rajasthan,Jodhpur,"Samrat Ashok Udhyan, Jodhpur - Rspcb",26.253384,72.976571,0.36012008482680535,0.5198713111016555,0.4046151269689916,1.0,0.4974398384622165,111.25,0.20662040034858176,23,117
Rajasthan,Karauli,"Satyawati Vihar, Karauli - Rspcb",26.506177,77.025989,0.7830762598123691,0.9208188101571603,0.6502881282040401,0.8548334339427742,0.30980328940772317,76.75,0.0,23,123
Rajasthan,Kota,"Dhanmandi, Kota - Rspcb",25.16409,75.858137,0.7651517902254021,0.6560045564044759,0.7769675032143918,0.5734595243614137,0.634337699164548,106.5,0.3267923252876864,23,137
Rajasthan,Kota,"Nayapura, Kota - Rspcb",25.196024,75.855668,0.6827048579970769,0.857630785707607,0.7520316585734353,0.6800458132535502,0.44821731999624603,81.0,0.20965231862459366,23,137
Rajasthan,Kota,"Shrinath Puram, Kota - Rspcb",25.14389,75.821256,0.7409351713198034,0.5649727801524697,0.16312786898073228,0.33449899152793316,0.5257047814917284,170.6,0.27711888092985715,23,137
Rajasthan,Nagaur,"Karni Colony, Nagaur - Rspcb",27.213494,73.734444,0.32356454993012207,0.5504114078641149,0.38546171465834356,1.0,0.590070062091069,144.8,0.3267923252876864,23,164
Rajasthan,Pali,"Indira Colony Vistar, Pali - Rspcb",25.771061,73.340227,0.4705107841724412,0.7422804407635325,0.6676551716924816,0.6776451523042609,0.5800180908010062,112.0,0.3452833880955134,23,174
Rajasthan,Pratapgarh,"Pragati Nagar, Pratapgarh - Rspcb",24.041198,74.780702,0.2952562535517076,0.5928165319549223,0.4470327746571491,1.0,0.4687104999284175,88.25,0.2874810929323749,23,185
Rajasthan,Rajsamand,"Dhoinda, Rajsamand - Rspcb",25.03636,73.883502,0.4129157380274633,1.0,0.5087493285777386,0.9742133439763915,0.36073939641710595,82.0,0.3885671283181241,23,194
Rajasthan,Sawai Madhopur,"Sahu Nagar, Sawai Madhopur - Rspcb",26.031443,76.359327,0.9196723386363972,1.0,0.3801889724024067,0.6998795013605409,0.6607012985429144,83.4,0.08595762511309046,23,207
Rajasthan,Sikar,"Radhakishan Pura, Sikar - Rspcb",27.608912,75.153302,0.3286496781804875,0.7958203670640821,0.4601931733727519,1.0,0.6980516906704226,132.0,0.2360963520782583,23,210
Rajasthan,Sirohi,"Vedhaynath Colony, Sirohi - Rspcb",24.885261,72.857549,0.17542335314984925,0.6560045564044759,0.6030979837312306,0.9530072997339089,0.19192089911776833,56.8,0.0,23,214
Rajasthan,Sri Ganganagar,"Old City, Sri Ganganagar - Rspcb",29.931624,73.864511,0.8663337449360948,0.5928165319549223,0.7701612028812951,0.6970248935663684,0.7167537984703785,65.75,0.15863376160798714,23,219
Rajasthan,Tonk,"Shastri Nagar, Tonk - Rspcb",26.159933,75.780517,0.7723922582613187,0.9612885235329881,0.6502881282040401,0.6629244204957231,0.8775301201082386,141.0,0.0,23,232
Rajasthan,Udaipur,"Ashok Nagar, Udaipur - Rspcb",24.5886166,73.6321397,0.5352435354345382,0.4335954267425991,0.5415269237324248,0.6317153918046899,0.5750853200007509,105.6,0.15863376160798714,23,235
Sikkim,Gangtok,"Zero Point Gici, Gangtok - Sspcb",27.33853,88.614099,0.33268399424004325,0.0,0.0,0.5303564381412035,0.05484409162296888,64.25,0.0,24,89
Tamilnadu,Chennai,"Arumbakkam, Chennai - Tnpcb",13.0664,80.2112,0.557003516527611,0.1918690328994176,0.27734121639458775,0.5303564381412035,0.47005647705241627,92.6,0.08595762511309046,25,62
Tamilnadu,Chennai,"Kodungaiyur, Chennai - Tnpcb",13.1278,80.2642,0.7014488889743367,0.32800227820223793,0.050057990798504926,0.6794470231425646,1.0,132.75,0.2215886945840102,25,62
Tamilnadu,Chennai,"Manali Village, Chennai - Tnpcb",13.1662,80.2584,0.6199058601375269,0.0,0.030808771601115503,0.505024627046201,0.3987788503066394,75.8,0.5769632051401629,25,62
Tamilnadu,Chennai,"Manali, Chennai - Cpcb",13.164544,80.26285,0.4705107841724412,0.6560045564044759,0.16312786898073228,0.25121904083107516,0.32799701931359326,142.4,0.5116251415612371,25,62
Tamilnadu,Chennai,"Perungudi, Chennai - Tnpcb",12.9533,80.2357,0.5435053654156594,0.0,0.04055370135549419,0.0738117874481784,0.5197618678654901,93.0,0.08595762511309046,25,62
Tamilnadu,Chennai,"Royapuram, Chennai - Tnpcb",13.1036,80.2909,0.6973387391982226,0.32800227820223793,0.2825077928339651,0.4657411848288663,0.3935711393063266,93.0,0.15863376160798714,25,62
Tamilnadu,Chennai,"Velachery Res. Area, Chennai - Cpcb",13.0052189,80.2398125,0.557003516527611,0.32800227820223793,0.2825077928339651,0.0,0.5016372857841502,98.8,0.2215886945840102,25,62
Tamilnadu,Coimbatore,"Psg College Of Arts And Science, Coimbatore - Tnpcb",11.0328,77.0349,0.557003516527611,0.0,0.19014978057961796,0.013306590974485277,0.19584667407409873,99.4,0.0,25,70
Tamilnadu,Coimbatore,"Sidco Kurichi, Coimbatore - Tnpcb",10.942451,76.978996,0.24099879423758952,0.0,0.4470327746571491,0.25121904083107516,0.0952603094518083,67.0,0.7194770489237373,25,70
Tamilnadu,Gummidipoondi,"Anthoni Pillai Nagar, Gummidipoondi - Tnpcb",13.4127,80.1081,0.557003516527611,0.0,0.4470327746571491,0.5303564381412035,0.8192759283633864,221.6,0.784477371949955,25,94
Tamilnadu,Madurai,"Uchapatti, Madurai - Tnpcb",9.865935,78.022669,0.3677125311128917,0.5504114078641149,0.540543770795601,0.0,0.5016372857841502,98.8,0.48542608689567335,25,144
Tamilnadu,Perundurai,"Sipcot Industrial Park, Perundurai - Tnpcb",11.258242,77.552761,0.6258156187221748,0.1918690328994176,0.25595214920911336,0.540731672386947,0.0,98.8,0.517953581104453,25,182
Tamilnadu,Thoothukudi,"Meelavittan, Thoothukudi - Tnpcb",8.816428,78.099039,0.4705107841724412,0.5504114078641149,0.27603866298400737,0.0,0.130351380175326,98.8,0.4224711539196505,25,228
Telangana,Hyderabad,"Bollaram Industrial Area, Hyderabad - Tspcb",17.540891,78.358528,0.4514397566679085,0.4335954267425991,0.5619239693236747,0.7618447373663334,0.47608285829911035,102.4,0.2215886945840102,26,105
Telangana,Hyderabad,"Central University, Hyderabad - Tspcb",17.460103,78.334361,0.35820538113571443,0.32800227820223793,0.44027989679176394,0.37295697215474644,0.0,58.25,0.25017087985247655,26,105
Telangana,Hyderabad,"Ecil Kapra, Hyderabad - Tspcb",17.470431,78.566959,0.30379779209713953,0.5198713111016555,0.5329216570615384,0.5303564381412035,0.19388642488873264,52.4,0.7880355901007073,26,105
Telangana,Hyderabad,"Icrisat Patancheru, Hyderabad - Tspcb",17.5184,78.278777,0.23502444684859736,0.1918690328994176,0.08588888240438941,0.7695411965401237,0.2376920610717499,71.0,0.2215886945840102,26,105
Telangana,Hyderabad,"Ida Pashamylaram, Hyderabad - Tspcb",17.5316895,78.218939,0.6175239507265309,0.0,0.04055370135549419,0.44993340387821845,0.10861785967597415,88.0,0.4127499504007769,26,105
Telangana,Hyderabad,"Iith Kandi, Hyderabad - Tspcb",17.585705,78.126199,0.38987694596091016,0.32800227820223793,0.36323009879897705,0.5491730050736153,0.27375827478949155,58.6,0.5769632051401629,26,105
Telangana,Hyderabad,"Kokapet, Hyderabad - Tspcb",17.393559,78.339194,0.37890706589993717,0.1918690328994176,0.2825077928339651,0.5096697326395977,0.3469431785094059,63.6,0.571383712008764,26,105
Telangana,Hyderabad,"Kompally Municipal Office, Hyderabad - Tspcb",17.544899,78.486949,0.26426389446093834,0.32800227820223793,0.35799322664842015,0.4858741538055814,0.18001532478049143,53.0,0.24459138672107772,26,105
Telangana,Hyderabad,"Nacharam_Tsiic Iala, Hyderabad - Tspcb",17.429398,78.569354,0.4586695844697646,0.5198713111016555,0.1966189104295757,0.44451943057250787,0.29286071069628994,58.75,0.517953581104453,26,105
Telangana,Hyderabad,"New Malakpet, Hyderabad - Tspcb",17.37206,78.50864,0.4383457810604554,0.22240912966187687,0.30734893845476197,0.5695146987782628,0.28076257197900834,52.25,0.62940182849272,26,105
Telangana,Hyderabad,"Ramachandrapuram, Hyderabad - Tspcb",17.528544,78.286195,0.32049061111816357,0.4335954267425991,0.31213041814816267,0.6036672595461016,0.26133671964213345,49.6,0.48542608689567335,26,105
Telangana,Hyderabad,"Sanathnagar, Hyderabad - Tspcb",17.4559458,78.4332152,0.6454439255688411,0.5504114078641149,0.6483091821198504,0.43346216862843956,0.5016372857841502,66.4,0.6765873427124401,26,105
Telangana,Hyderabad,"Somajiguda, Hyderabad - Tspcb",17.417094,78.457437,0.34461131856726035,0.4335954267425991,0.30734893845476197,0.49364682050152686,0.37427977561636405,64.6,0.6765873427124401,26,105
Telangana,Hyderabad,"Zoo Park, Hyderabad - Tspcb",17.349694,78.451437,0.3825882067125532,0.32800227820223793,0.16312786898073228,0.5734595243614137,0.5580005720040333,104.75,0.08595762511309046,26,105
Tripura,Agartala,"Bardowali, Agartala - Tripura Spcb",23.8175497,91.2726974,0.4859103192706813,0.4335954267425991,0.25595214920911336,0.0,0.0,41.9,0.27711888092985715,27,0
Uttar_Pradesh,Agra,"Manoharpur, Agra - Uppcb",27.23711,78.01936,0.19773858806916023,0.4335954267425991,0.5087493285777386,0.12622377262532025,0.35091162514158736,72.0,0.15863376160798714,28,1
Uttar_Pradesh,Agra,"Rohta, Agra - Uppcb",27.106972,78.000111,0.36012008482680535,0.5928165319549223,0.30734893845476197,0.392107445395366,0.5762489734470453,85.4,0.5257465133582561,28,1
Uttar_Pradesh,Agra,"Sanjay Palace, Agra - Uppcb",27.19865833,78.00598056,0.4949460182958838,0.5504114078641149,0.0,0.675229717963863,0.5281926625458944,153.6,0.62940182849272,28,1
Uttar_Pradesh,Agra,"Sector-3B Avas Vikas Colony, Agra - Uppcb",27.19412,77.96237,0.2865791293802491,0.5198713111016555,0.6300253358982449,0.5303564381412035,0.5331431383418384,84.4,0.4413321356692429,28,1
Uttar_Pradesh,Agra,"Shahjahan Garden, Agra - Uppcb",27.169338,78.03582,0.08847106015817063,0.32800227820223793,0.25595214920911336,0.5303564381412035,0.5985772540425098,49.25,0.9561941537804063,28,1
Uttar_Pradesh,Agra,"Shastripuram, Agra - Uppcb",27.19862,77.92066,0.24690855282223767,0.32800227820223793,0.7381458341620005,0.3167889119831485,0.5016372857841502,98.8,0.7634794808512114,28,1
Uttar_Pradesh,Baghpat,"Sardar Patel Inter College, Baghpat - Uppcb",28.964949,77.278761,0.41809726824350135,0.2297458232936117,0.5115899626184001,0.5364419374304353,0.6861461163331457,168.5,0.8254999008015537,28,21
Uttar_Pradesh,Bareilly,"Civil Lines, Bareilly - Uppcb",28.359581,79.414455,0.7298719789997354,0.0,0.0,0.42208436208376543,0.0019173552802631555,41.9,1.0,28,28
Uttar_Pradesh,Bareilly,"Rajendra Nagar, Bareilly - Uppcb",28.38910936,79.42963708,0.0,0.0,0.16312786898073228,0.5303564381412035,0.38455630402693997,54.2,0.9862337178510764,28,28
Uttar_Pradesh,Bulandshahr,"Yamunapuram, Bulandshahr - Uppcb",28.406963,77.849831,0.5636296260795761,0.9208188101571603,0.8684961079880466,0.5012685520517449,0.8026248393258149,170.0,0.7194770489237373,28,53
Uttar_Pradesh,Firozabad,"Nagla Bhau, Firozabad - Uppcb",27.168897,78.37696,0.0,0.1918690328994176,0.3526841195036571,0.0,0.303073358053239,67.4,0.6039112062175432,28,87
Uttar_Pradesh,Firozabad,"Vibhab Nagar, Firozabad - Uppcb",27.1594,78.3953,0.021723945142967382,0.1918690328994176,0.30734893845476197,0.5303564381412035,0.0,59.4,0.62940182849272,28,87
Uttar_Pradesh,Ghaziabad,"Indirapuram, Ghaziabad - Uppcb",28.646233,77.358075,0.7274370202078517,1.0,0.9704489781025271,0.2720650106244289,1.0,261.25,0.7444279325399729,28,91
Uttar_Pradesh,Ghaziabad,"Sanjay Nagar, Ghaziabad - Uppcb",28.685382,77.453839,0.4949460182958838,0.9534667378442546,0.8469070386336158,0.4809368957300494,0.6786053362380264,114.5,0.5769632051401629,28,91
Uttar_Pradesh,Ghaziabad,"Vasundhara, Ghaziabad - Uppcb",28.6603346,77.3572563,0.3533890738127887,0.8709614492133962,0.8030494185757558,0.5734595243614137,1.0,261.25,0.6985197468368646,28,91
Uttar_Pradesh,Gorakhpur,"Madan Mohan Malaviya University Of Technology, Gorakhpur - Uppcb",26.730136,83.433859,0.0,0.0,0.1966189104295757,0.0,0.4260619386768063,89.0,1.0,28,92
Uttar_Pradesh,Greater Noida,"Knowledge Park - Iii, Greater Noida - Uppcb",28.47272,77.482,0.25853978619049833,0.978054463542423,0.9742959146107549,0.41036686980466885,1.0,193.5,0.10141676964490587,28,93
Uttar_Pradesh,Greater Noida,"Knowledge Park - V, Greater Noida - Uppcb",28.557054,77.453663,0.6848195505566566,1.0,0.9999999999999999,0.6370922819376555,1.0,238.0,0.517953581104453,28,93
Uttar_Pradesh,Hapur,"Anand Vihar, Hapur - Uppcb",28.725645,77.749675,0.6408885046652324,0.7520376371672458,0.4470327746571491,0.6578922125729451,0.7095241118551194,243.2,1.0,28,101
Uttar_Pradesh,Jhansi,"Shivaji Nagar, Jhansi - Uppcb",25.4547,78.6039,0.32049061111816357,0.4335954267425991,0.0,0.0,0.16994354602299877,41.9,0.6765873427124401,28,114
Uttar_Pradesh,Kanpur,"Fti Kidwai Nagar, Kanpur - Uppcb",26.428282,80.327067,0.592491614036968,0.5198713111016555,0.5227473863083812,0.27710799444918655,0.5038874952167549,79.0,0.6104142288648068,28,122
Uttar_Pradesh,Kanpur,"Nehru Nagar, Kanpur - Uppcb",26.4703136,80.3229863,0.7605773087612897,0.5504114078641149,0.7683498858186252,0.1546101270863337,0.36850747375391,132.6,0.49870757551386713,28,122
Uttar_Pradesh,Kanpur,"Nsi Kalyanpur, Kanpur - Uppcb",26.509954,80.249612,0.7466195970128287,0.5198713111016555,0.49422291912995886,0.42208436208376543,0.5715831915463245,103.75,0.8722174629559646,28,122
Uttar_Pradesh,Khurja,"Kalindi Kunj, Khurja - Uppcb",28.2348927,77.8683002,0.6258156187221748,0.0,0.04055370135549419,0.3883513704009097,0.665861690218704,73.6,0.517953581104453,28,130
Uttar_Pradesh,Lucknow,"B R Ambedkar University, Lucknow - Uppcb",26.766433,80.927299,0.0,0.4335954267425991,0.2274276820306912,0.6144215443685054,0.15767111624795804,72.6,0.8751733451593829,28,141
Uttar_Pradesh,Lucknow,"Gomti Nagar, Lucknow - Uppcb",26.86812,81.005119,0.4586695844697646,0.5504114078641149,0.08588888240438941,0.6853942102761533,0.2842396851353093,137.25,0.37172742154917826,28,141
Uttar_Pradesh,Lucknow,"Kendriya Vidyalaya, Lucknow - Cpcb",26.906111,80.948222,0.7298719789997354,0.9840068346067138,0.5261687791961535,0.470872066278362,0.6047534663456262,164.5,0.517953581104453,28,141
Uttar_Pradesh,Lucknow,"Kukrail Picnic Spot-1, Lucknow - Uppcb",26.90723,80.98579,0.0,0.5928165319549223,0.5859883151540813,0.3167889119831485,0.0,48.8,1.0,28,141
Uttar_Pradesh,Lucknow,"Lalbagh, Lucknow - Cpcb",26.8458805,80.9365541,0.6566691114728271,1.0,0.725367758959825,0.43902973490876784,0.8226025508962813,77.2,0.3361285049655668,28,141
Uttar_Pradesh,Lucknow,"Talkatora District Industries Center, Lucknow - Cpcb",26.83399722,80.8917361,0.6544424389646333,0.8857503796980876,0.6984639432935972,0.5012685520517449,0.7009979988360073,154.2,0.38022245619199746,28,141
Uttar_Pradesh,Meerut,"Ganga Nagar, Meerut - Uppcb",28.999264,77.7590354,0.8234297188388633,0.8066991739956514,0.5859883151540813,0.6629244204957231,0.4727410108961019,85.33333333333333,0.7772793440868758,28,152
Uttar_Pradesh,Meerut,"Jai Bhim Nagar, Meerut - Uppcb",28.9535882,77.7622941,0.4896933609774188,0.8066991739956514,0.1835700619728311,0.8928004741158054,0.8891737429487381,201.75,0.2215886945840102,28,152
Uttar_Pradesh,Meerut,"Pallavpuram Phase 2, Meerut - Uppcb",29.06351,77.709723,0.30379779209713953,0.6317321971026268,0.455310602630708,0.6654165357986458,0.7475107007816844,215.2,0.5100296690839806,28,152
Uttar_Pradesh,Moradabad,"Buddhi Vihar, Moradabad - Uppcb",28.83526,78.7446,0.5462317917404051,0.5504114078641149,0.539558100178854,0.4043742825389808,0.35288778976594193,84.75,0.9920185961598001,28,156
Uttar_Pradesh,Moradabad,"Eco Herbal Park, Moradabad - Uppcb",28.840739,78.697531,0.7596578008154149,0.5928165319549223,0.7221058397299754,0.6578922125729451,0.4454409197577047,144.6,0.3885671283181241,28,156
Uttar_Pradesh,Moradabad,"Employment Office, Moradabad - Uppcb",28.88528,78.7388,0.0,0.4335954267425991,0.3306836079235219,0.4657411848288663,0.552616089229574,130.4,0.7772793440868758,28,156
Uttar_Pradesh,Moradabad,"Jigar Colony, Moradabad - Uppcb",28.856664,78.772638,0.557003516527611,0.5928165319549223,0.49422291912995886,0.4955661731849538,0.3815264557668532,81.8,0.9037555304278492,28,156
Uttar_Pradesh,Moradabad,"Kashiram Nagar, Moradabad - Uppcb",28.849399,78.742362,0.3862447243254652,0.4335954267425991,0.49422291912995886,0.5918616525867321,0.3969232142812493,86.4,1.0,28,156
Uttar_Pradesh,Moradabad,"Transport Nagar, Moradabad - Uppcb",28.802625,78.753728,0.7982920787788406,0.5198713111016555,0.5493030299332328,0.6482793196612587,0.22275154224299065,55.0,0.9943128180451334,28,156
Uttar_Pradesh,Muzaffarnagar,"New Mandi, Muzaffarnagar - Uppcb",29.4723508,77.7194031,0.6848195505566566,0.5504114078641149,0.540543770795601,0.7459837171017175,0.665861690218704,179.4,0.2874810929323749,28,160
Uttar_Pradesh,Noida,"Sector - 125, Noida - Uppcb",28.5447608,77.3231257,0.8399654990872707,0.32800227820223793,0.9999999999999999,0.25121904083107516,0.8868978167954991,261.25,0.2332303148807514,28,173
Uttar_Pradesh,Noida,"Sector - 62, Noida - Imd",28.6245479,77.3577104,0.35820538113571443,0.5504114078641149,0.17177776480877882,0.6207354634913765,0.9761872686050705,212.0,0.48542608689567335,28,173
Uttar_Pradesh,Noida,"Sector-1, Noida - Uppcb",28.5898,77.3101,0.9169184419056087,0.8633899715231798,0.9999999999999999,0.0,0.9473872162883263,241.0,0.5116251415612371,28,173
Uttar_Pradesh,Noida,"Sector-116, Noida - Uppcb",28.56923,77.393848,0.652206659386078,1.0,0.9999999999999999,0.6450219827791751,0.6607012985429144,231.25,0.3172675232159744,28,173
Uttar_Pradesh,Prayagraj,"Jhunsi, Prayagraj - Uppcb",25.425602,81.917152,0.4257786219616666,0.5198713111016555,0.0,0.47794445296406185,0.359958024076076,65.25,0.7434548430983564,28,186
Uttar_Pradesh,Prayagraj,"Motilal Nehru Nit, Prayagraj - Uppcb",25.494,81.863,0.4896933609774188,0.7117403440010731,0.2274276820306912,0.20387173033231343,0.21134205412798535,84.8,1.0,28,186
Uttar_Pradesh,Prayagraj,"Nagar Nigam, Prayagraj - Uppcb",25.44919916,81.82735986,0.8089069238562792,0.9000910911010439,0.0,0.28537160159891406,0.20942301916529837,63.75,1.0,28,186
Uttar_Pradesh,Varanasi,"Ardhali Bazar, Varanasi - Uppcb",25.3505986,82.9083074,0.07575775820463315,0.5504114078641149,0.6788125953824627,0.5796899225047959,0.20460324996292156,61.0,0.37172742154917826,28,240
Uttar_Pradesh,Varanasi,"Bhelupur, Varanasi - Uppcb",25.301778,82.996789,0.3485299543079141,0.0,0.08588888240438941,0.050716488624407696,0.28032676630625986,93.0,0.828762624322079,28,240
Uttar_Pradesh,Varanasi,"Iesd Banaras Hindu University, Varanasi - Uppcb",25.262326,82.995408,0.12492772295771082,0.32800227820223793,0.0,0.13830185918023996,0.10363736939535739,41.9,0.8751733451593829,28,240
Uttar_Pradesh,Varanasi,"Maldahiya, Varanasi - Uppcb",25.32393,82.99687,0.26426389446093834,0.5504114078641149,0.0,0.0,0.12173544088317767,98.8,0.828762624322079,28,240
Uttar_Pradesh,Vrindavan,"Omex Eternity, Vrindavan - Uppcb",27.571409,77.655757,0.5502961029902307,0.6560045564044759,0.5227473863083812,0.3982887832497489,0.3345021169738378,66.6,0.67094102771613,28,246
Uttarakhand,Dehradun,"Doon University, Dehradun - Ukpcb",30.269444,78.044167,0.0,0.5504114078641149,0.0,0.7077636915241002,0.29628082178741,124.4,0.0,29,74
Uttarakhand,Kashipur,"Govt. Girls Inter College, Kashipur - Ukpcb",29.2124114,78.9611753,0.40416919391243167,0.8066991739956514,0.25595214920911336,0.0,0.30812661270543185,102.75,0.27711888092985715,29,125
Uttarakhand,Rishikesh,"Shivaji Nagar, Rishikesh - Ukpcb",30.075911,78.2859547,0.557003516527611,0.8857503796980876,0.4470327746571491,1.0,0.0,41.9,0.0,29,197
West_Bengal,Asansol,"Asansol Court Area, Asansol - Wbpcb",23.685297,86.945968,0.6599922058701988,0.5198713111016555,0.46341414752884347,0.37295697215474644,0.5006707834815405,131.75,0.48542608689567335,30,16
West_Bengal,Asansol,"Evelyn Lodge, Asansol - Wbpcb",23.697936,86.944395,0.588100848704624,0.5928165319549223,0.6140959938072136,0.4858741538055814,0.40835286641427304,97.0,0.2215886945840102,30,16
West_Bengal,Asansol,"Mahabir Colliery, Asansol - Wbpcb",23.618183,87.105718,0.9745134880505868,0.0,0.39323782085915127,0.1724544199480792,0.6407523147922216,199.6,0.3885671283181241,30,16
West_Bengal,Asansol,"Trivenidevi Bhalotia College, Asansol - Wbpcb",23.616515,87.119133,0.9196723386363972,0.7117403440010731,0.6718771975584709,0.20387173033231343,0.5016372857841502,98.8,0.37172742154917826,30,16
West_Bengal,Barrackpore,"Svspa Campus, Barrackpore - Wbpcb",22.7605581,88.3617589,0.9999999999999998,0.5198713111016555,0.6619527834616018,0.11628635977648116,0.3987788503066394,115.4,0.4504870187991895,30,31
West_Bengal,Durgapur,"Mahishkapur Road_B-Zone, Durgapur - Wbpcb",23.567923,87.306843,0.6869260939917525,0.32800227820223793,0.6833677274271791,0.33449899152793316,0.5244576550006679,129.5,0.7772793440868758,30,83
West_Bengal,Durgapur,"Pcbl Residential Complex, Durgapur - Wbpcb",23.508764,87.35444,0.8925719420320053,0.9534667378442546,0.7936446604436035,0.4531463018311147,0.5016372857841502,140.0,0.15863376160798714,30,83
West_Bengal,Durgapur,"Womens College_City Center, Durgapur - Wbpcb",23.549395,87.300496,0.6005534907096808,0.32800227820223793,0.6086362687127705,0.1810812912066858,0.6235198363705359,120.8,0.8122184121833599,30,83
West_Bengal,Haldia,"Priyambada Housing Estate, Haldia - Wbpcb",22.06047,88.109737,0.5669128031856869,0.5928165319549223,0.5309082043508074,0.5232840514555038,0.4496015713738677,117.4,0.5483810198716966,30,99
West_Bengal,Howrah,"Belur Math, Howrah - Wbpcb",22.629801,88.352017,0.8723574680920463,0.8478735893038934,0.9999999999999999,0.27710799444918655,0.8526759365918526,173.6,0.7444279325399729,30,103
West_Bengal,Howrah,"Botanical Garden, Howrah - Wbpcb",22.554954,88.292568,0.7559642236218009,0.22240912966187687,0.7668946698489597,0.32278149924883637,0.4727410108961019,117.0,0.5769632051401629,30,103
West_Bengal,Howrah,"Dasnagar, Howrah - Wbpcb",22.6025571,88.3105664,0.9670079146045609,0.6317321971026268,0.8454237837518644,0.7459837171017175,0.620790142040117,133.2,1.0,30,103
West_Bengal,Howrah,"Ghusuri, Howrah - Wbpcb",22.611968,88.347422,0.9999999999999998,0.9341494736629498,0.48825529314964033,0.3458767980726071,0.8842335726716111,234.6,0.47693105225285437,30,103
West_Bengal,Howrah,"Padmapukur, Howrah - Wbpcb",22.5687319,88.2797276,0.7215484819933435,0.8236012300020444,0.9999999999999999,0.470872066278362,0.9782015936976989,174.25,0.2556851142576181,30,103
West_Bengal,Kolkata,"Ballygunge, Kolkata - Wbpcb",22.5367507,88.3638022,0.9999999999999998,0.7615977049448371,0.8516154051792054,0.2329596164217722,0.6886425029801071,218.2,0.7915671546817832,30,134
West_Bengal,Kolkata,"Bidhannagar, Kolkata - Wbpcb",22.58157048,88.41002457,0.8972426345836071,0.5198713111016555,0.28760593578298577,0.4858741538055814,0.5814625865896197,163.0,0.4504870187991895,30,134
West_Bengal,Kolkata,"Fort William, Kolkata - Wbpcb",22.55664,88.342674,0.950707955410574,0.8765616004920455,0.744379236231499,0.20387173033231343,0.5197618678654901,148.2,0.571383712008764,30,134
West_Bengal,Kolkata,"Jadavpur, Kolkata - Wbpcb",22.49929,88.36917,0.8663337449360948,0.7323178146799431,0.717989178397756,0.21380914318115274,0.761176584059776,214.8,0.0,30,134
West_Bengal,Kolkata,"Rabindra Bharati University, Kolkata - Wbpcb",22.627847,88.380669,0.9883145748006219,0.8857503796980876,0.9999999999999999,0.3623480333223862,0.7772450355122662,261.25,0.2874810929323749,30,134
West_Bengal,Kolkata,"Rabindra Sarobar, Kolkata - Wbpcb",22.51106,88.35142,0.9172634386636249,1.0,0.9999999999999999,0.223501162560525,0.48929937083952035,149.2,0.7985518997241731,30,134
West_Bengal,Kolkata,"Victoria, Kolkata - Wbpcb",22.5448082,88.3403691,0.9451648092769409,0.7117403440010731,0.8421403626618952,0.24401687836584052,0.7465904834160186,184.25,0.7395422756884632,30,134
West_Bengal,Siliguri,"Ward-32 Bapupara, Siliguri - Wbpcb",26.6879226,88.4152495,0.8105863333029408,0.8066991739956514,0.37349481818737507,0.966214383332623,0.6289488010299964,119.4,0.5483810198716966,30,212
